#{"t_start": 1753560645.084397, "env_id": "None"}
r,l,t
-0.644499,2,22.528125
-0.07277,2,22.723404
-0.026932,2,22.820565
0.121461,2,22.93374
-0.650992,2,23.044446
0.413435,2,23.175612
0.142941,2,23.508024
0.269632,2,23.653942
-0.138954,2,23.756209
-0.054979,2,23.843287
0.231578,2,24.077449
0.145676,2,24.207007
-0.051722,2,24.380927
0.01748,2,24.520631
0.05988,2,24.628392
0.118096,2,24.747047
-0.468258,2,24.958796
-0.307431,2,25.04003
0.064073,2,25.174411
-0.026169,2,25.319299
-0.245562,2,25.448756
-0.001816,2,25.610642
-0.221161,2,25.803123
0.223903,2,25.948181
0.319299,2,26.145009
0.338063,2,26.229153
-0.14018,2,26.344117
0.148415,2,26.628223
0.248568,2,26.830305
0.099903,2,27.042489
0.171768,2,27.201797
0.060953,2,27.30758
0.295306,2,27.413612
-1.200609,2,27.635193
0.190414,2,27.832534
-0.098965,2,27.978358
0.385958,2,28.130605
-0.127001,2,28.311745
-0.079661,2,28.464945
-0.129971,2,28.627213
0.203618,2,28.903199
-0.692418,2,29.057204
0.044122,2,29.259943
-0.194444,2,29.48893
-0.655022,2,29.63963
-0.648508,2,29.865836
0.12841,2,30.013643
0.305116,2,30.226919
-0.421328,2,30.398802
-0.877006,2,30.631383
0.23897,2,30.822634
0.102723,2,31.061231
-0.222276,2,31.231389
-0.187179,2,31.644853
-0.639563,2,31.950726
0.269735,2,32.123705
0.379741,2,32.250036
0.190237,2,32.483191
-0.612137,2,32.73827
-0.330489,2,32.988293
-0.028443,2,33.078127
-0.344077,2,33.20106
-0.194279,2,33.315153
0.147847,2,33.446514
0.427707,2,33.562111
0.026969,2,33.752655
0.114025,2,33.841175
-0.442634,2,34.077558
-0.500122,2,34.19926
0.108166,2,34.408622
0.267693,2,34.547234
0.352741,2,34.704227
-0.118878,2,34.925082
0.257783,2,35.051345
0.132908,2,35.188126
0.168733,2,35.288572
0.253051,2,35.399553
0.201899,2,35.503678
-0.117509,2,35.57869
0.29635,2,35.752827
0.167752,2,35.833347
0.019341,2,36.014382
0.324213,2,36.169596
0.376241,2,36.401865
0.30059,2,36.610342
0.35612,2,36.806093
0.129247,2,37.006754
0.274299,2,37.182162
0.121327,2,37.378542
0.255064,2,37.649281
-0.133652,2,37.843638
0.12222,2,37.999133
-0.15946,2,38.155745
0.148621,2,38.278572
-0.013448,2,38.418653
0.088755,2,38.597574
-0.22817,2,38.693991
0.055452,2,38.81178
0.007495,2,38.943824
-0.569109,2,39.060698
0.040324,2,39.207112
0.211543,2,39.325945
-0.042114,2,39.556187
0.032738,2,39.639203
-0.125827,2,39.833022
0.007576,2,39.996788
0.122316,2,40.094116
-0.279646,2,40.182025
0.256102,2,40.288054
-0.076498,2,40.488528
0.343208,2,40.625988
0.212164,2,40.772014
0.276597,2,41.005554
0.129869,2,41.113484
-0.328991,2,41.204137
0.040246,2,41.298309
-0.149839,2,41.507674
0.084132,2,41.602654
0.241462,2,41.802578
0.069109,2,42.002646
0.014536,2,42.408496
0.238649,2,42.580123
0.261804,2,42.674173
0.06307,2,42.788116
0.26002,2,42.893788
-0.076859,2,43.094085
-0.206166,2,43.273847
-0.301788,2,43.38971
0.087128,2,43.505095
0.105603,2,43.67606
0.082919,2,43.761255
0.238684,2,43.88062
0.314258,2,44.034565
0.242307,2,44.217004
-0.021548,2,44.348121
0.407421,2,44.506858
0.169265,2,44.629833
-0.091043,2,44.870585
-0.295427,2,45.121159
0.013754,2,45.26844
0.014449,2,45.42862
-0.089345,2,45.619376
-0.064659,2,45.910664
0.135082,2,46.079621
0.145918,2,46.243784
0.364818,2,46.49128
0.351606,2,46.690245
-0.173854,2,46.975319
0.136877,2,47.208394
0.32216,2,47.359489
0.226025,2,47.578763
0.300655,2,47.784109
0.013867,2,47.97685
0.021531,2,48.249956
0.384358,2,48.449983
0.079987,2,48.539278
0.408688,2,48.793049
-0.008868,2,49.01297
0.1718,2,49.128019
-0.410053,2,49.38685
-0.26038,2,49.660239
-0.037853,2,49.958732
-0.000223,2,50.054277
0.040286,2,50.283252
0.081747,2,50.373416
0.107564,2,50.660657
0.188637,2,50.857942
0.353119,2,51.062946
0.097808,2,51.228641
-0.005035,2,51.440731
-0.144728,2,51.760758
0.095289,2,51.938269
0.360269,2,52.205232
0.102284,2,52.396049
0.079803,2,52.649632
-0.687824,2,52.937909
0.387973,2,53.115443
-0.404272,2,53.40653
-0.099799,2,53.651803
-0.093069,2,53.953027
-0.03794,2,54.193032
0.131155,2,54.506783
0.304962,2,54.7447
0.408206,2,55.020055
0.270368,2,55.216119
-0.180455,2,55.462042
0.213735,2,55.674599
0.02008,2,55.981966
-0.125025,2,56.170169
0.071476,2,56.375582
-0.131352,2,56.617269
0.154577,2,56.805052
0.215451,2,57.007592
-0.033086,2,57.261416
-0.032288,2,57.472715
-0.522383,2,57.744624
-0.324609,2,58.036996
-0.560909,2,58.344274
0.217961,2,58.549222
0.017703,2,58.754496
0.011249,2,58.944592
0.07085,2,59.131948
-0.268522,2,59.336842
-0.04145,2,59.579697
-0.149176,2,59.800049
-0.381993,2,59.981809
-0.868048,2,60.158707
-0.377952,2,60.32963
0.444081,2,60.501245
0.319677,2,60.67264
0.301332,2,60.8666
-0.210088,2,61.097099
-0.071394,2,61.282495
0.178399,2,61.475332
0.233604,2,61.644482
0.106985,2,61.842461
-0.009219,2,62.064369
-0.01999,2,62.201357
-0.78282,2,62.398338
-0.209193,2,62.583862
-0.242492,2,62.759557
-0.723232,2,62.927124
0.103805,2,63.132589
-0.612469,2,63.31771
0.406499,2,63.486979
-0.545481,2,63.67919
-0.524314,2,63.871611
-0.243432,2,64.062057
-0.180043,2,64.247211
0.093758,2,64.492821
-1.316883,2,64.689027
0.01002,2,64.861295
0.040704,2,65.028192
-0.046295,2,65.205006
0.164207,2,65.433156
0.155173,2,65.637331
-0.012325,2,65.838009
0.344157,2,66.011729
-0.272671,2,66.242754
0.238984,2,66.40531
-0.268796,2,66.561905
0.209346,2,66.7323
-0.217946,2,66.928656
0.355627,2,67.091191
-0.177694,2,67.273918
-0.388815,2,67.402037
0.262759,2,67.625685
-0.131258,2,67.779303
-0.31564,2,68.022183
0.318068,2,68.200404
-0.755289,2,68.350654
-0.248324,2,68.493431
-0.280094,2,68.593307
-0.555778,2,68.864514
0.092285,2,68.991241
0.177367,2,69.122489
-0.188275,2,69.308731
0.018856,2,69.465647
-0.495753,2,69.680723
0.065847,2,70.007484
0.310476,2,70.138776
0.377588,2,70.300694
0.199811,2,70.424374
-0.447795,2,70.578971
0.076974,2,70.77198
0.23017,2,70.972052
0.176957,2,71.155
-0.187152,2,71.307527
0.134851,2,71.489833
0.183003,2,71.652912
0.12492,2,71.846033
-0.243742,2,72.036794
-0.070366,2,72.227376
-1.146096,2,72.41097
0.019672,2,72.576602
0.102165,2,72.76768
0.180551,2,72.955243
0.124482,2,73.072055
0.013723,2,73.261587
-0.374648,2,73.433312
-0.441708,2,73.620456
-0.100556,2,73.791775
-0.528179,2,73.94065
-0.301178,2,74.117025
-0.812022,2,74.289454
0.003331,2,74.459339
0.29038,2,74.629736
0.346536,2,74.812557
-0.045976,2,74.977932
0.155302,2,75.136202
0.208202,2,75.301631
0.155017,2,75.495418
0.061412,2,75.658666
0.348339,2,75.831637
-0.202705,2,76.037311
0.329518,2,76.17399
-0.498643,2,76.395895
0.039709,2,76.588165
0.379882,2,76.760712
-0.493465,2,76.937297
0.043396,2,77.124121
0.319352,2,77.338386
-0.329076,2,77.530424
0.214721,2,77.718131
0.442243,2,77.911472
0.038903,2,78.065003
-0.179225,2,78.276399
0.248604,2,78.447764
0.211197,2,78.637284
0.375009,2,78.844894
-0.049827,2,79.091604
0.26361,2,79.227696
-0.160226,2,79.516505
-0.068906,2,79.686377
-0.611002,2,79.853554
0.115098,2,79.962046
0.09596,2,80.189711
0.158064,2,80.413769
0.129013,2,80.599299
-0.26537,2,80.749955
0.32168,2,80.992049
0.14799,2,81.126713
-0.55279,2,81.447663
-0.164664,2,81.701245
0.231449,2,82.018418
0.119403,2,82.528036
0.264305,2,82.804395
0.163763,2,82.983557
-0.262228,2,83.249009
0.241333,2,83.50054
-0.408966,2,83.642636
-0.474824,2,83.792377
-0.079957,2,83.881222
-0.288306,2,84.063515
-0.08922,2,84.16303
-0.010196,2,84.464832
0.00981,2,84.578586
0.011408,2,84.743002
-0.416906,2,84.832522
0.146266,2,84.926798
0.203675,2,85.06321
0.263633,2,85.248644
0.205689,2,85.341116
0.100009,2,85.477195
-0.077796,2,85.591498
-0.637141,2,85.775687
0.124134,2,86.038401
0.302431,2,86.277917
0.157186,2,86.508004
-0.215697,2,86.678514
0.15827,2,86.83816
-0.726382,2,87.030064
-0.163303,2,87.231377
-0.81225,2,87.501722
-0.155025,2,87.696291
0.209615,2,87.881466
-0.069799,2,88.078996
0.21196,2,88.26005
0.071133,2,88.457507
0.181088,2,88.678447
-0.210031,2,88.864088
-0.068537,2,89.038368
-0.15498,2,89.219198
0.008091,2,89.410219
-0.015533,2,89.57085
-0.018628,2,89.763251
0.005904,2,89.93108
0.23521,2,90.104556
-0.244393,2,90.294433
0.44112,2,90.455119
0.151417,2,90.665413
-0.07471,2,90.868449
0.232247,2,91.03429
0.250471,2,91.201195
0.035451,2,91.401653
0.31735,2,91.495792
0.179436,2,91.731479
0.40593,2,91.941551
0.212361,2,92.178279
0.334189,2,92.341093
0.408504,2,92.487035
0.405034,2,92.611831
0.269022,2,92.799711
0.071289,2,92.981828
0.211396,2,93.14568
-0.133051,2,93.329787
0.322866,2,93.517989
0.266789,2,93.787642
-0.053415,2,93.926286
-0.049319,2,94.096267
0.348889,2,94.208941
0.168069,2,94.352521
0.181353,2,94.49924
0.095255,2,94.673102
0.378823,2,94.848917
-0.325725,2,94.990672
0.28932,2,95.162959
0.028099,2,95.254209
0.354298,2,95.442632
-0.004913,2,95.546083
-0.680266,2,95.65263
0.140213,2,95.757994
0.091035,2,95.86789
0.261009,2,96.067877
0.150656,2,96.180705
0.055341,2,96.291397
0.169377,2,96.411043
0.084538,2,96.506752
0.317817,2,96.677555
-0.078804,2,96.796369
0.413889,2,96.935416
0.072284,2,97.132967
0.182531,2,97.307565
0.096032,2,97.535548
0.040774,2,97.627827
-0.228597,2,97.75838
-0.022585,2,97.876726
0.267879,2,98.052573
0.062834,2,98.26105
0.297962,2,98.516293
0.060238,2,98.627252
-0.051269,2,98.737314
0.002719,2,98.847209
-0.028121,2,98.981527
-0.057381,2,99.074618
-0.158588,2,99.183115
0.230698,2,99.291359
0.086675,2,99.402637
0.140254,2,99.507291
0.05725,2,99.655561
-0.057762,2,99.761733
0.085681,2,99.870674
0.066099,2,99.979055
-0.115769,2,100.088196
0.114081,2,100.259867
0.434849,2,100.462045
-0.025833,2,100.574811
0.385876,2,100.743184
0.315869,2,100.891164
-0.023655,2,101.000134
0.005799,2,101.133408
-0.933457,2,101.243098
0.321441,2,101.391891
0.006481,2,101.499591
0.211082,2,101.665685
0.096011,2,101.813776
0.312004,2,101.944257
-0.164464,2,102.051181
0.178807,2,102.159332
0.255576,2,102.330207
0.344367,2,102.4403
0.228589,2,102.568239
0.292291,2,102.665415
0.166293,2,102.772582
0.118489,2,102.882867
0.167036,2,102.987438
-0.053285,2,103.119546
-0.139041,2,103.227822
0.111412,2,103.333738
-0.03129,2,103.442266
-0.026511,2,103.546506
0.236255,2,103.688098
-0.221586,2,103.820858
0.180843,2,103.994065
-0.103509,2,104.170354
0.204115,2,104.278047
-0.165859,2,104.381988
0.213922,2,104.569065
0.11965,2,104.702039
-0.199606,2,104.813183
0.194343,2,104.962543
0.112381,2,105.069393
-0.015217,2,105.251488
-0.047789,2,105.394719
0.062408,2,105.501554
0.171046,2,105.609657
0.435014,2,105.719764
0.174678,2,105.831007
0.236918,2,106.103506
0.168501,2,106.216003
0.143666,2,106.339455
-0.333571,2,106.448314
0.35309,2,106.579306
0.123356,2,106.68772
0.339535,2,106.818809
0.02362,2,106.925662
0.378155,2,107.060539
-0.056776,2,107.167551
0.405625,2,107.322972
0.005195,2,107.427733
0.091813,2,107.53634
-0.41941,2,107.641122
0.198407,2,107.83689
0.086693,2,107.94929
-0.027613,2,108.045983
0.37554,2,108.152745
-0.028659,2,108.284935
0.263424,2,108.392761
0.170243,2,108.497743
0.112941,2,108.603826
0.144492,2,108.736326
0.055674,2,108.845072
0.065711,2,108.950868
-0.141966,2,109.055481
0.062402,2,109.18771
0.288146,2,109.290251
0.147397,2,109.450474
0.150511,2,109.542104
-0.055964,2,109.670783
0.082214,2,109.778375
0.061514,2,109.884861
-0.108856,2,109.993507
0.425579,2,110.101054
0.312706,2,110.232798
0.090196,2,110.340171
0.061723,2,110.445622
0.171427,2,110.552706
0.398043,2,110.683914
0.050062,2,110.791507
0.03104,2,110.900725
0.311111,2,111.074348
-0.061772,2,111.20807
0.257273,2,111.317642
-0.140424,2,111.423805
0.116078,2,111.534029
0.319161,2,111.665194
-0.056984,2,111.76622
-0.067336,2,111.896224
0.225859,2,112.006251
-0.049678,2,112.149388
0.20384,2,112.306465
0.213185,2,112.468296
-0.167066,2,112.573318
0.204339,2,112.704819
0.341789,2,112.876755
0.1387,2,112.983424
0.228057,2,113.113139
0.114304,2,113.262087
-0.079537,2,113.367055
0.064019,2,113.498278
0.139989,2,113.605346
0.195062,2,113.735058
0.031656,2,113.842782
0.2614,2,113.950082
0.285696,2,114.057887
0.20397,2,114.226707
-0.340363,2,114.337086
0.228355,2,114.51569
0.092711,2,114.623155
0.031276,2,114.750619
0.058684,2,114.916744
0.347965,2,115.080311
0.384144,2,115.257396
0.196607,2,115.387964
-0.05424,2,115.49543
0.261724,2,115.603069
-0.256104,2,115.724734
0.115501,2,115.856814
0.182925,2,115.98192
-0.020082,2,116.172286
0.30836,2,116.346385
0.317873,2,116.47487
0.325921,2,116.629352
0.317488,2,116.734688
0.088552,2,116.838378
0.112993,2,116.969083
0.221916,2,117.075427
0.203378,2,117.18263
0.200118,2,117.294949
0.118295,2,117.428603
0.026673,2,117.537738
-0.760163,2,117.647436
0.002184,2,117.8207
0.139279,2,117.950864
0.028004,2,118.061349
0.257934,2,118.167865
-0.000881,2,118.277063
0.194243,2,118.410446
0.141257,2,118.547263
0.178207,2,118.656913
0.2494,2,118.764741
0.202189,2,118.929422
-0.001633,2,119.037016
0.370336,2,119.141312
-0.107294,2,119.399131
0.270192,2,119.567767
0.175812,2,119.700467
0.178776,2,119.809711
0.181439,2,119.912236
0.083365,2,120.043294
0.054147,2,120.151289
0.092346,2,120.25722
0.343718,2,120.358504
0.201168,2,120.533337
0.286701,2,120.643402
-0.298617,2,120.829028
0.411067,2,121.033707
0.401153,2,121.208096
-0.07078,2,121.415496
0.042829,2,121.608136
-0.329574,2,121.777575
0.400634,2,121.990986
0.314817,2,122.127477
0.227587,2,122.290855
0.208509,2,122.435621
0.184958,2,122.655329
0.311686,2,122.796299
0.2976,2,122.991915
0.149297,2,123.230707
0.290103,2,123.430591
-0.042128,2,123.632264
0.156033,2,123.803612
-0.067247,2,123.976396
0.095196,2,124.213725
0.072625,2,124.420975
0.267525,2,124.610596
0.158379,2,124.809236
0.071031,2,124.982067
-0.124575,2,125.190335
-0.419244,2,125.298414
0.376704,2,125.533994
-0.353868,2,125.764258
0.177088,2,125.901717
0.073898,2,126.093261
-0.014639,2,126.280321
0.182268,2,126.491589
0.159858,2,126.657254
0.096475,2,126.845868
-0.114689,2,126.9655
0.093937,2,127.131695
0.181763,2,127.329619
0.182344,2,127.499174
-0.044469,2,127.664819
0.224071,2,127.794758
-0.11651,2,127.902689
0.228365,2,128.011263
0.127906,2,128.165929
-0.381201,2,128.36943
-0.141937,2,128.476793
0.366177,2,128.611594
0.085184,2,128.723662
0.265615,2,128.939678
-0.141055,2,129.109516
-0.087533,2,129.216065
0.121582,2,129.388773
0.168944,2,129.518849
0.145357,2,129.629712
0.236165,2,129.780776
0.112637,2,129.894399
0.178324,2,130.023511
0.003964,2,130.132367
0.23215,2,130.221701
-0.236607,2,130.342809
0.233482,2,130.532891
-0.023269,2,130.641877
-0.649545,2,130.733346
0.33923,2,130.867296
0.239808,2,130.975122
0.176726,2,131.079165
-0.054124,2,131.18721
-0.253443,2,131.341107
-0.275641,2,131.43071
-0.177259,2,131.535509
-0.024128,2,131.668548
0.340225,2,131.832266
0.236597,2,131.943215
0.141498,2,132.075858
0.006058,2,132.183761
-0.027297,2,132.276445
0.258293,2,132.407498
-0.012049,2,132.51488
0.176208,2,132.643653
0.225968,2,132.776261
-0.165721,2,132.881085
0.197487,2,132.990183
-0.043679,2,133.186602
-0.52413,2,133.393757
0.339138,2,133.484534
0.313681,2,133.587997
-0.138766,2,133.723658
0.221322,2,133.828894
0.002648,2,133.924629
0.397371,2,134.038472
-0.161993,2,134.146398
-0.163497,2,134.25463
0.055744,2,134.387905
0.05817,2,134.560921
0.061019,2,134.655092
0.410112,2,134.790397
0.19654,2,134.920188
0.31665,2,135.031767
0.118835,2,135.143198
0.10993,2,135.275066
0.112329,2,135.380946
0.056199,2,135.490288
-0.002343,2,135.621974
-0.106843,2,135.79369
0.170903,2,135.898957
0.031055,2,136.027358
0.008003,2,136.120295
-0.109594,2,136.234032
0.17569,2,136.342262
0.004727,2,136.455088
0.271322,2,136.576901
-0.047431,2,136.771817
-0.158002,2,136.904065
0.119168,2,136.99813
0.310092,2,137.152677
0.055311,2,137.240555
0.265509,2,137.361653
0.058424,2,137.517811
0.403273,2,137.650106
0.089239,2,137.837771
-0.153732,2,138.00244
-0.184974,2,138.145813
0.414662,2,138.279603
-0.12513,2,138.435873
0.060307,2,138.647042
0.407134,2,138.760062
-0.442583,2,138.907103
0.097409,2,139.081434
0.054347,2,139.188374
0.268607,2,139.308827
0.291528,2,139.420572
0.078627,2,139.511909
-0.24926,2,139.600615
0.223218,2,139.728805
0.237172,2,139.936223
0.058947,2,140.028929
0.131816,2,140.170133
-0.198213,2,140.259665
0.181993,2,140.409392
0.000617,2,140.520696
0.199843,2,140.61972
-0.170422,2,140.728784
-0.109916,2,140.841607
0.061111,2,140.935646
0.033522,2,141.027182
0.322098,2,141.256673
-0.169154,2,141.34488
-0.252063,2,141.433663
0.376939,2,141.587854
0.430551,2,141.685107
0.20756,2,141.772722
0.033409,2,141.919023
-0.19948,2,142.052033
0.177847,2,142.234655
0.048335,2,142.382239
0.230302,2,142.614175
0.237889,2,142.810395
-0.02074,2,142.90854
0.401106,2,143.057816
0.315656,2,143.164836
0.000598,2,143.267427
0.20315,2,143.381805
0.314629,2,143.514381
0.430248,2,143.604817
-0.472491,2,143.69739
0.232409,2,143.913844
-0.027722,2,144.007075
0.013388,2,144.126673
0.350091,2,144.315585
0.113453,2,144.403296
-0.142794,2,144.514373
-0.228598,2,144.641457
-0.088681,2,144.734704
-0.342739,2,144.842779
0.111535,2,144.977728
-0.025168,2,145.155635
0.328558,2,145.286781
0.349821,2,145.468855
-0.194494,2,145.5776
0.263176,2,145.721126
0.063124,2,145.841214
-0.000242,2,145.936072
0.192469,2,146.03309
0.338238,2,146.166824
0.086402,2,146.310747
0.282553,2,146.423333
0.05518,2,146.554615
-0.029244,2,146.644525
0.089166,2,146.738111
0.114996,2,146.854649
-0.017399,2,146.964628
0.308449,2,147.08735
-0.223892,2,147.250047
-0.02111,2,147.418471
-0.337777,2,147.552282
0.382186,2,147.725504
0.023595,2,147.836879
0.11815,2,147.939981
-0.11584,2,148.06382
0.157683,2,148.187215
0.054085,2,148.27904
0.165591,2,148.413932
-0.109879,2,148.586356
-0.111709,2,148.698707
0.172094,2,148.830276
0.061982,2,148.937279
0.367784,2,149.045004
0.345936,2,149.137727
0.081911,2,149.271677
0.147268,2,149.365643
0.029634,2,149.476234
-0.706466,2,149.591376
0.057845,2,149.763405
0.234797,2,149.870658
-1.070181,2,150.012457
-0.067376,2,150.159952
0.091272,2,150.258035
0.430694,2,150.36544
-0.17269,2,150.485128
0.123813,2,150.595142
0.095114,2,150.716735
0.109677,2,150.888213
0.111709,2,151.023945
-0.137263,2,151.116871
0.314223,2,151.226243
-0.026178,2,151.356682
-0.004103,2,151.462899
0.147416,2,151.570034
-0.057505,2,151.702525
0.083071,2,151.810271
0.117459,2,151.981024
-0.198733,2,152.114238
0.171646,2,152.223469
6.2e-05,2,152.329767
0.036741,2,152.460335
0.055465,2,152.563645
0.109568,2,152.670828
-0.046366,2,152.802028
0.290482,2,152.911334
-0.025457,2,153.083625
0.087093,2,153.216188
0.281077,2,153.323182
0.06396,2,153.429332
0.006446,2,153.554085
-0.201563,2,153.661882
0.205809,2,153.753791
0.372971,2,153.904174
-0.101877,2,154.073843
-0.057759,2,154.248169
0.112681,2,154.379146
0.137909,2,154.4858
0.002264,2,154.595443
-0.031193,2,154.726852
0.31969,2,154.8595
0.110738,2,154.967512
0.147097,2,155.083029
0.079741,2,155.255559
0.120444,2,155.3612
-0.026654,2,155.503204
0.165397,2,155.596815
0.023865,2,155.685517
0.280891,2,155.81726
0.317323,2,155.913716
0.140623,2,156.007733
0.111283,2,156.184377
0.255836,2,156.302115
0.169767,2,156.414623
0.257565,2,156.524421
-0.082378,2,156.638175
-0.145512,2,156.729286
-0.113982,2,156.835187
0.08866,2,156.949629
0.030412,2,157.174181
-0.254538,2,157.273273
0.235014,2,157.367467
0.24183,2,157.509653
-0.021996,2,157.629574
0.001814,2,157.726351
0.406244,2,157.834649
0.143016,2,157.950897
0.208941,2,158.116894
0.110449,2,158.207583
0.147881,2,158.333124
0.002446,2,158.444247
0.283158,2,158.554386
0.118741,2,158.649219
-0.341996,2,158.769053
0.025701,2,158.877244
0.251904,2,159.032472
0.151218,2,159.163186
0.117234,2,159.253721
0.172673,2,159.352828
0.281675,2,159.478128
0.01438,2,159.591528
0.394218,2,159.69531
-0.141845,2,159.836358
0.32029,2,160.001564
-0.131251,2,160.08996
0.287206,2,160.263239
-0.503521,2,160.468233
-0.055998,2,160.561484
0.176062,2,160.657591
0.154618,2,160.787257
-0.023813,2,160.900303
0.056129,2,161.060314
0.375973,2,161.190199
-0.170267,2,161.286907
0.110128,2,161.391394
-0.053574,2,161.507018
0.094255,2,161.59424
0.28552,2,161.692164
-0.001378,2,161.824075
0.261244,2,162.037581
0.144041,2,162.127486
0.170894,2,162.258339
0.246323,2,162.345073
-0.191305,2,162.475596
0.001588,2,162.606528
0.023176,2,162.717683
0.114576,2,162.811087
0.171654,2,163.001615
-0.271101,2,163.090356
0.064305,2,163.184341
-0.187013,2,163.344585
-0.526432,2,163.436399
0.223158,2,163.535379
0.034951,2,163.70328
0.229595,2,163.820331
0.121654,2,163.997102
0.292117,2,164.150005
-0.509574,2,164.261365
0.232491,2,164.370853
-0.220509,2,164.487697
0.115038,2,164.583874
0.119922,2,164.692994
0.391734,2,164.805121
0.341442,2,164.987074
-0.1153,2,165.081194
0.004377,2,165.190666
0.146078,2,165.349573
0.434057,2,165.51206
0.142088,2,165.602616
-0.08076,2,165.737863
-0.134204,2,165.845598
-0.250518,2,166.003459
0.345195,2,166.137379
0.004559,2,166.249612
0.289146,2,166.362315
-0.196049,2,166.491248
-0.111105,2,166.600138
-0.477518,2,166.705452
0.173937,2,166.840163
-0.091734,2,166.948596
-0.024684,2,167.108884
0.230873,2,167.231041
-0.136574,2,167.321605
0.054759,2,167.442828
0.200369,2,167.604461
0.030562,2,167.699636
-0.199013,2,167.80415
0.23339,2,167.935299
-0.019212,2,168.037847
-0.023565,2,168.191374
-0.274007,2,168.323098
-0.017801,2,168.474413
0.004459,2,168.580288
-0.170216,2,168.706536
0.227344,2,168.796513
-0.422186,2,168.886932
-0.043948,2,169.086459
0.081125,2,169.259841
-0.056764,2,169.372959
0.048331,2,169.503431
-0.278017,2,169.699183
0.11112,2,169.828032
0.170061,2,169.935131
0.292463,2,170.068996
-0.08242,2,170.176961
0.085383,2,170.362929
0.0618,2,170.494393
0.112458,2,170.605315
0.117946,2,170.713414
-0.11022,2,170.854403
0.112577,2,170.964193
-0.64822,2,171.111749
0.068002,2,171.246652
0.317264,2,171.424242
0.140953,2,171.519353
0.000761,2,171.629088
-0.466665,2,171.834231
0.11198,2,171.943851
0.150165,2,172.051465
-0.224569,2,172.20306
-0.673703,2,172.336286
0.239748,2,172.514877
0.221499,2,172.647192
-0.08213,2,172.753418
-0.130641,2,172.85727
-0.088206,2,172.985163
-0.221948,2,173.093812
-0.44772,2,173.225975
0.120358,2,173.404558
0.147416,2,173.511748
0.171627,2,173.640752
-0.083186,2,173.75052
0.149176,2,173.858101
0.260032,2,173.966423
-0.475005,2,174.174058
-0.360782,2,174.374289
0.121862,2,174.481191
0.056613,2,174.612112
0.177474,2,174.719691
-0.001976,2,174.829672
-0.308243,2,174.939719
-0.023194,2,175.071064
0.115825,2,175.177061
0.083251,2,175.351393
-0.024297,2,175.479801
0.110454,2,175.590894
0.172113,2,175.697334
-0.225891,2,175.830685
0.247834,2,175.936684
0.002109,2,176.046346
0.120522,2,176.247537
0.037956,2,176.357926
-0.081379,2,176.465546
0.057911,2,176.598313
0.144637,2,176.709143
0.030972,2,176.84216
0.057565,2,176.95073
-0.028042,2,177.129878
-0.287918,2,177.270154
-0.054135,2,177.388492
-0.056607,2,177.533288
0.141828,2,177.658515
0.00256,2,177.810125
0.205537,2,177.928283
0.308359,2,178.157771
0.119079,2,178.293832
0.172321,2,178.456471
-0.080347,2,178.580533
-0.198987,2,178.729463
-0.061019,2,178.855119
-0.200507,2,179.007562
0.119759,2,179.201349
0.035313,2,179.357808
0.200719,2,179.481299
-0.445921,2,179.630737
0.083855,2,179.752451
-0.328668,2,179.871394
0.307015,2,180.01221
-0.108013,2,180.195843
-0.019267,2,180.34777
-0.426996,2,180.466612
0.106074,2,180.614479
-0.028342,2,180.73431
0.191,2,180.874522
-0.051958,2,180.984714
0.145023,2,181.198569
0.031784,2,181.321971
-0.08724,2,181.470593
-0.275717,2,181.592502
0.228098,2,181.736828
0.224428,2,181.852681
0.307651,2,181.993907
0.144236,2,182.18772
0.056735,2,182.34268
-0.052509,2,182.464846
0.170108,2,182.612753
0.250795,2,182.741005
0.078377,2,182.890813
0.147716,2,183.016024
-0.08286,2,183.142263
-0.144676,2,183.375154
0.0056,2,183.500013
0.027072,2,183.623985
0.258103,2,183.77583
0.002642,2,183.900751
0.282147,2,184.048864
-0.166151,2,184.228811
0.059446,2,184.399766
0.025126,2,184.641566
0.140669,2,184.77606
0.036378,2,184.910467
0.347161,2,185.062734
-0.192643,2,185.188248
0.14306,2,185.313126
-0.304814,2,185.467127
0.05464,2,185.590313
-0.031855,2,185.81185
-0.172324,2,185.937582
0.059334,2,186.064157
-0.055977,2,186.216544
0.146479,2,186.343227
0.026375,2,186.497659
-0.028379,2,186.619942
0.007666,2,186.77479
-0.112706,2,186.974661
-0.370179,2,187.125889
-0.020736,2,187.258199
0.403413,2,187.380268
-0.112248,2,187.537338
0.001469,2,187.664506
0.114119,2,187.828143
-0.002226,2,187.951341
0.051631,2,188.151815
0.055354,2,188.312521
-0.078768,2,188.443196
0.001107,2,188.594271
0.307106,2,188.717722
0.176609,2,188.906027
-0.051518,2,189.063159
-0.042686,2,189.188516
-0.086707,2,189.386619
0.17258,2,189.546671
-0.174178,2,189.669496
0.117266,2,189.802058
0.094665,2,189.95808
0.168043,2,190.083573
-0.087383,2,190.240911
0.064699,2,190.451143
-0.056626,2,190.581174
0.115393,2,190.737353
0.224132,2,190.851504
0.318281,2,191.007721
0.000777,2,191.136394
-1.070776,2,191.288149
0.144621,2,191.497729
-0.791641,2,191.658253
0.03481,2,191.78365
0.143372,2,191.939614
0.169099,2,192.06958
0.169223,2,192.222987
0.036109,2,192.360807
0.116834,2,192.587765
0.143504,2,192.721469
0.290506,2,192.886387
-0.560621,2,193.018448
0.342966,2,193.178015
0.114712,2,193.313996
0.311189,2,193.470132
-0.112523,2,193.677034
0.145856,2,193.841055
-0.085744,2,193.968534
0.028392,2,194.097432
0.060365,2,194.25319
-0.000757,2,194.38703
-0.027915,2,194.520944
0.001982,2,194.748656
0.029886,2,194.879679
0.207574,2,195.049038
0.198729,2,195.183049
0.427528,2,195.346558
0.227154,2,195.480079
-0.048448,2,195.644788
-0.251302,2,195.846448
0.054501,2,196.007176
-0.143654,2,196.141601
0.396515,2,196.307847
-0.083931,2,196.438389
-0.050995,2,196.598792
0.175361,2,196.727419
0.252896,2,196.936146
0.116999,2,197.09921
-0.084097,2,197.230155
0.17161,2,197.362101
0.109611,2,197.52473
0.032038,2,197.659642
0.174229,2,197.791961
0.120139,2,198.031964
0.003748,2,198.163898
0.059762,2,198.327666
0.235487,2,198.459181
-0.187014,2,198.623198
0.248009,2,198.759386
0.171698,2,198.892551
0.032892,2,199.128527
0.315333,2,199.260825
0.169658,2,199.420481
-0.108614,2,199.557604
0.204488,2,199.719412
0.259286,2,199.854778
0.184295,2,200.020265
-0.006851,2,200.286662
0.31387,2,200.452509
0.19784,2,200.645416
-0.078999,2,200.846767
0.11629,2,200.981311
-0.026748,2,201.148688
0.002935,2,201.284049
0.080793,2,201.535786
0.033228,2,201.669933
0.145713,2,201.836956
0.256037,2,201.999639
0.208864,2,202.163476
-0.097107,2,202.299098
-0.030623,2,202.460634
-0.196919,2,202.671569
0.292403,2,202.809502
-0.169701,2,202.974448
0.090233,2,203.106506
-0.12883,2,203.240892
0.28389,2,203.474326
-0.003072,2,203.607796
0.144581,2,203.772092
0.22686,2,203.90547
-0.08374,2,204.065798
0.147028,2,204.199519
0.311189,2,204.334625
-0.220044,2,204.579906
-0.059299,2,204.712822
0.007001,2,204.881611
0.173581,2,205.016466
-0.034032,2,205.181618
-0.082968,2,205.315128
-0.111518,2,205.558772
0.162488,2,205.746746
0.136071,2,205.973893
0.139936,2,206.115538
0.089047,2,206.285596
0.062535,2,206.419947
0.370303,2,206.677985
-0.03257,2,206.814367
0.089341,2,206.984549
0.203647,2,207.123163
-0.166984,2,207.284344
0.09524,2,207.423153
-0.257019,2,207.666896
0.03358,2,207.80419
0.084656,2,207.97147
-0.562481,2,208.10961
0.224542,2,208.275556
0.113812,2,208.41128
0.146946,2,208.664667
0.121824,2,208.807243
-0.254037,2,208.984556
-0.083425,2,209.125605
-0.029875,2,209.29419
0.094149,2,209.429325
0.080932,2,209.679273
-0.02558,2,209.814602
0.050404,2,209.982424
0.162824,2,210.114422
0.203202,2,210.294776
0.139995,2,210.638504
0.367302,2,210.7879
0.228491,2,210.924533
0.192428,2,211.089735
-0.197312,2,211.216455
0.232631,2,211.337504
0.037492,2,211.578723
-0.0206,2,211.707884
-0.138723,2,211.832953
0.003098,2,211.988756
-0.481781,2,212.109419
0.170698,2,212.233149
0.173041,2,212.460495
0.167166,2,212.58493
-0.142092,2,212.736602
-0.678485,2,212.861025
0.059826,2,213.011452
0.256869,2,213.221829
-0.168311,2,213.459256
0.167985,2,213.581989
0.022741,2,213.738706
0.057283,2,213.865007
0.225611,2,214.018866
-0.169338,2,214.141971
0.149234,2,214.370259
0.313172,2,214.494889
-0.450179,2,214.644152
0.030483,2,214.764782
-0.149336,2,214.916252
0.002835,2,215.037813
0.142605,2,215.273722
0.138317,2,215.400137
-0.05308,2,215.556494
0.085402,2,215.678739
0.235601,2,215.835385
-0.0798,2,215.955351
0.406405,2,216.182613
0.236599,2,216.30805
0.059779,2,216.463927
0.00063,2,216.596429
0.172163,2,216.747398
0.139866,2,216.870854
0.035774,2,217.111108
0.250845,2,217.250674
0.308614,2,217.411482
-0.029857,2,217.538125
0.025857,2,217.710279
-0.060484,2,217.858376
0.179765,2,218.120112
0.372727,2,218.24965
-0.080633,2,218.418587
-0.226453,2,218.620307
0.057175,2,218.855331
0.105556,2,218.987548
0.087484,2,219.244732
-0.1081,2,219.371794
0.173866,2,219.549645
-0.108257,2,219.688198
0.401394,2,219.861386
0.111527,2,219.998945
-0.109746,2,220.262847
0.321251,2,220.418539
-0.221738,2,220.604781
0.202081,2,220.734154
0.197684,2,220.908346
0.061324,2,221.048123
0.061699,2,221.347428
0.122856,2,221.486955
0.176637,2,221.655126
0.174721,2,221.86866
0.20065,2,222.036872
-0.311839,2,222.18108
0.397687,2,222.411145
-0.061558,2,222.586163
-0.054886,2,222.729043
-0.115392,2,222.864109
0.115464,2,223.037175
-0.137498,2,223.171335
0.374544,2,223.466666
0.053802,2,223.649326
-0.051284,2,223.809846
0.257961,2,223.947251
0.056536,2,224.12848
0.201632,2,224.352987
0.001166,2,224.517202
0.263339,2,224.719779
-0.027268,2,224.946741
-0.02706,2,225.118763
0.087768,2,225.398087
0.089893,2,225.558751
0.120767,2,225.686096
-0.028606,2,225.812448
0.087471,2,225.975635
-0.033253,2,226.099017
0.166269,2,226.312392
0.142209,2,226.469536
0.000679,2,226.595454
0.089447,2,226.751933
0.243485,2,226.878175
-0.053826,2,227.007285
0.175607,2,227.232149
-0.058377,2,227.355418
-0.059934,2,227.50768
0.085816,2,227.630977
-0.226903,2,227.812541
-0.080609,2,227.971125
0.005418,2,228.249591
0.150587,2,228.407041
0.236441,2,228.599672
0.225793,2,228.75511
0.202755,2,228.915478
0.143254,2,229.152448
0.147526,2,229.330166
0.055209,2,229.462427
0.210904,2,229.64709
0.146057,2,229.784977
0.006461,2,230.035998
-0.001948,2,230.176959
-0.054975,2,230.353068
0.119247,2,230.510304
0.054225,2,230.829815
0.178327,2,231.045475
0.060978,2,231.21135
0.194998,2,231.366574
0.089298,2,231.534958
0.309951,2,231.662518
0.061621,2,231.937359
0.260427,2,232.091721
-0.133544,2,232.211872
-0.123614,2,232.379701
-0.789326,2,232.512609
-0.644424,2,232.716611
0.082875,2,232.930684
-0.541467,2,233.095887
-4.6e-05,2,233.261914
0.2366,2,233.385079
-0.554953,2,233.629624
-0.016463,2,233.795508
-0.050827,2,233.970556
0.120114,2,234.117825
0.361707,2,234.245037
0.007685,2,234.420099
-0.306432,2,234.608383
-0.277126,2,234.797512
-0.445132,2,235.065802
-0.476445,2,235.251534
0.31117,2,235.404954
0.052835,2,235.568481
0.202205,2,235.785714
0.11572,2,235.944552
0.057415,2,236.186898
-0.19229,2,236.355157
-0.114016,2,236.494414
0.053982,2,236.666617
0.029904,2,236.821856
0.052826,2,236.995288
0.117381,2,237.219727
0.312868,2,237.359732
0.200533,2,237.522937
0.063592,2,237.697968
0.261705,2,237.839717
0.143965,2,238.003512
0.174201,2,238.224842
0.087389,2,238.384235
-0.081085,2,238.51932
0.058121,2,238.685167
0.170214,2,238.853469
0.090337,2,239.134295
0.344197,2,239.269344
0.175724,2,239.446693
-0.029372,2,239.59706
-0.075268,2,239.762936
0.174976,2,240.01166
-0.046887,2,240.170131
0.202447,2,240.294136
0.226076,2,240.452011
-0.111448,2,240.580351
-0.196322,2,240.740212
0.107784,2,240.952304
-0.035777,2,241.110506
0.027654,2,241.247443
0.034217,2,241.410944
0.377756,2,241.541383
-0.117754,2,241.699643
-0.029628,2,241.913186
0.178808,2,242.073321
-0.109063,2,242.235485
-0.04962,2,242.359694
-0.084042,2,242.518201
0.028422,2,242.653874
-0.024187,2,242.896669
0.232734,2,243.029125
-1.068191,2,243.1591
-0.029202,2,243.319255
0.31374,2,243.445988
0.315151,2,243.61008
-0.143801,2,243.85359
0.142117,2,244.013004
0.092288,2,244.139896
-0.109838,2,244.295732
0.028578,2,244.424751
0.344182,2,244.579172
0.402613,2,244.787656
0.290876,2,245.007772
-0.142412,2,245.197227
0.229333,2,245.367933
0.140467,2,245.529402
0.003881,2,245.784431
-0.000817,2,245.917345
0.144778,2,246.048431
0.166988,2,246.207233
0.392463,2,246.415187
0.032549,2,246.575143
-0.005097,2,246.708306
-0.05377,2,246.890386
0.061316,2,247.044356
0.060459,2,247.303294
0.146571,2,247.441652
0.313068,2,247.601542
0.313206,2,247.735751
0.264841,2,247.899949
0.166142,2,248.030608
-0.0266,2,248.279072
-0.109634,2,248.413439
-0.589613,2,248.624259
-0.046902,2,248.793995
-0.081371,2,249.026875
-0.056883,2,249.158109
0.370404,2,249.287014
0.08131,2,249.44401
0.148304,2,249.649076
0.087372,2,249.780855
0.086552,2,249.939809
-0.136611,2,250.097286
-0.13652,2,250.253806
0.171159,2,250.46914
0.156855,2,250.630562
0.177657,2,250.759836
-0.00441,2,250.918336
0.026173,2,251.049726
-0.25873,2,251.291378
0.144091,2,251.411915
-0.027707,2,251.567871
-0.109265,2,251.693331
-0.142577,2,251.816323
0.088562,2,252.049712
0.229439,2,252.1755
0.284996,2,252.301714
0.053912,2,252.457943
-0.024716,2,252.590605
-0.057028,2,252.830567
0.286248,2,252.971102
0.056421,2,253.15217
-0.083453,2,253.288796
0.204515,2,253.459076
-0.615005,2,253.70441
0.140431,2,253.851348
-0.477132,2,254.061884
0.119425,2,254.199048
0.175563,2,254.386517
0.036882,2,254.618562
0.061154,2,254.810874
-0.481663,2,254.94576
-0.050759,2,255.075517
0.230874,2,255.243086
-0.164623,2,255.480676
-0.200255,2,255.664951
-0.026683,2,255.801549
-0.021834,2,255.94577
-0.194183,2,256.135536
0.089307,2,256.398554
-0.017224,2,256.584425
0.256528,2,256.738319
0.259006,2,256.922107
0.345127,2,257.070148
-0.080699,2,257.443837
-0.031521,2,257.608736
0.057975,2,257.813396
0.005092,2,257.978724
0.029731,2,258.264592
0.171768,2,258.402672
-0.055437,2,258.576133
-0.133743,2,258.740127
0.284434,2,258.91012
-0.054805,2,259.062538
-0.387636,2,259.348998
0.252501,2,259.506401
0.058901,2,259.631251
0.232295,2,259.796817
0.033478,2,259.936332
0.002992,2,260.196773
0.027846,2,260.330076
0.165339,2,260.490583
-0.198574,2,260.648377
-0.2751,2,260.859104
0.145489,2,261.070803
-0.21838,2,261.225531
0.060342,2,261.355418
-0.252687,2,261.503058
0.051593,2,261.737811
-0.030665,2,261.865891
0.087289,2,262.025189
0.165417,2,262.152734
0.059372,2,262.308141
0.256525,2,262.526321
-0.478802,2,262.723677
-0.083291,2,262.867592
-0.14414,2,263.017646
-0.027474,2,263.158808
0.114024,2,263.314538
0.056819,2,263.54032
0.17063,2,263.724749
0.002512,2,263.875345
0.252843,2,264.022525
-0.619927,2,264.215077
0.284587,2,264.465824
0.089332,2,264.648511
0.205708,2,264.778868
-0.001256,2,264.937588
0.174487,2,265.067727
-0.11302,2,265.332451
-0.079618,2,265.468387
-0.033905,2,265.645858
0.027177,2,265.780403
0.116765,2,265.962884
0.066266,2,266.194492
0.061455,2,266.35903
0.175562,2,266.507221
0.339668,2,266.664973
-0.055202,2,266.795083
-0.054391,2,267.04226
0.230512,2,267.17621
0.178584,2,267.343347
-0.145637,2,267.477753
-0.028785,2,267.650125
0.141704,2,267.869849
0.143544,2,268.001421
-0.171989,2,268.156562
0.031783,2,268.286315
0.087204,2,268.45767
0.205478,2,268.674923
-0.031456,2,268.815629
-0.080949,2,268.980647
0.250893,2,269.11637
0.027244,2,269.282901
-0.023056,2,269.50104
-0.084623,2,269.669245
-0.110865,2,269.797606
-0.202334,2,269.959558
0.108074,2,270.083854
0.113073,2,270.298253
-0.135407,2,270.458697
0.033262,2,270.586732
0.0026,2,270.759609
0.084699,2,271.108445
0.256802,2,271.269834
0.059844,2,271.474813
0.17569,2,271.716088
0.114176,2,272.035436
0.194511,2,272.319967
0.063907,2,272.497776
0.257101,2,272.697
-0.030722,2,272.857049
-0.053407,2,273.038511
0.165423,2,273.31033
0.201398,2,273.509634
0.168404,2,273.654061
-0.25064,2,273.804753
0.196325,2,273.995179
0.005581,2,274.273542
0.115403,2,274.421
-0.16818,2,274.60655
0.200992,2,274.742624
0.113156,2,274.916185
0.287122,2,275.146951
0.065593,2,275.279652
-0.087173,2,275.451435
0.033528,2,275.582707
0.17994,2,275.740728
-0.140423,2,275.947857
0.057864,2,276.076988
0.376585,2,276.266173
-0.108188,2,276.41239
0.257438,2,276.668562
0.163341,2,276.82526
0.025233,2,277.012006
0.003891,2,277.233486
0.208583,2,277.490722
0.061255,2,277.669774
0.399053,2,277.810377
-0.052753,2,277.993507
-0.074495,2,278.135096
0.004998,2,278.407524
-0.109365,2,278.588297
0.086797,2,278.7948
0.177376,2,278.929099
0.147972,2,279.094876
0.406,2,279.337393
0.200866,2,279.526376
0.148626,2,279.666343
0.11372,2,279.843064
0.086799,2,279.976331
-0.311453,2,280.226825
0.201512,2,280.371798
-0.118526,2,280.535667
0.025689,2,280.671398
-0.032928,2,280.836364
-0.117843,2,281.063303
0.230702,2,281.225035
0.002316,2,281.359069
0.032073,2,281.487007
-0.141517,2,281.654981
0.094711,2,281.874349
0.081753,2,282.035004
0.031191,2,282.159461
0.029231,2,282.285063
-0.087439,2,282.44082
0.056005,2,282.645939
0.091047,2,282.803732
0.315229,2,282.929586
-0.258359,2,283.054266
0.028186,2,283.217208
0.227534,2,283.4252
0.280746,2,283.579389
-0.561919,2,283.704297
0.030055,2,283.831959
-0.104164,2,283.984712
0.197796,2,284.191124
-0.510543,2,284.349983
0.263896,2,284.479769
0.337533,2,284.637706
0.199054,2,284.783459
-0.566527,2,285.019451
0.11871,2,285.151168
-0.113805,2,285.368551
-0.054701,2,285.608798
-0.084189,2,285.740011
0.144776,2,285.995853
0.057119,2,286.132896
0.117035,2,286.267472
0.29287,2,286.440173
0.294434,2,286.567907
0.037323,2,286.809999
0.200165,2,286.940454
-0.27657,2,287.071559
0.061161,2,287.229472
0.059146,2,287.355277
-0.177678,2,287.595869
0.002871,2,287.725062
0.150131,2,287.851634
0.034574,2,288.030369
0.114907,2,288.155264
0.282706,2,288.424921
-0.329359,2,288.552715
0.058993,2,288.710718
0.062342,2,288.836708
-0.032522,2,288.997756
-0.054998,2,289.207631
0.284602,2,289.332776
0.265056,2,289.530086
0.312368,2,289.656639
-0.074027,2,289.810493
0.108472,2,290.016191
0.178241,2,290.144828
0.201282,2,290.317615
0.173336,2,290.450189
0.057691,2,290.609581
0.028361,2,290.813938
0.145782,2,290.93753
0.054651,2,291.092412
-0.170876,2,291.2155
-0.36299,2,291.371296
0.060197,2,291.580851
-0.169028,2,291.765
0.0876,2,291.902157
-0.050372,2,292.064287
-0.078768,2,292.190685
-0.02346,2,292.40208
-0.141751,2,292.561373
0.034889,2,292.688191
-0.506556,2,292.843661
-0.085057,2,292.968446
-0.166195,2,293.173351
0.091394,2,293.351074
0.036866,2,293.477167
0.060304,2,293.626914
-0.112195,2,293.756854
-0.162654,2,294.007905
-0.074255,2,294.161934
-0.364007,2,294.292774
-0.193257,2,294.454438
-0.059105,2,294.594302
0.316219,2,294.834162
-0.160268,2,295.051914
0.150426,2,295.287828
-0.14039,2,295.433539
0.029816,2,295.560241
-0.471201,2,295.816146
-0.248611,2,295.973822
0.086823,2,296.131533
0.255166,2,296.258949
0.106902,2,296.442654
0.20469,2,296.711398
0.000225,2,296.841343
0.195645,2,297.003074
-0.19401,2,297.149529
0.005033,2,297.271659
0.260698,2,297.510698
0.113835,2,297.640502
-0.022194,2,297.795227
0.230353,2,297.917635
0.121808,2,298.039597
0.174306,2,298.276174
-0.139709,2,298.417709
0.17027,2,298.573014
0.118355,2,298.696301
0.096116,2,298.81885
-0.003033,2,299.063183
-0.0531,2,299.191377
0.288719,2,299.369589
0.00852,2,299.50369
0.085567,2,299.661245
-0.058151,2,299.898996
-0.672576,2,300.064662
0.138578,2,300.188575
-0.165595,2,300.312959
0.150953,2,300.471302
0.178228,2,300.685413
0.370068,2,300.847723
-0.56239,2,300.977722
0.255223,2,301.110974
0.004109,2,301.272024
0.057842,2,301.481448
-0.058404,2,301.653953
0.111016,2,301.782941
0.035736,2,301.910422
-0.222919,2,302.068429
0.315871,2,302.277071
-0.046077,2,302.444519
0.114135,2,302.612469
0.222174,2,302.817417
-0.085656,2,302.980432
0.178904,2,303.248522
-0.311434,2,303.401717
0.088357,2,303.550756
0.120214,2,303.720141
-0.027077,2,303.849687
0.089876,2,304.099641
0.084819,2,304.233763
0.314948,2,304.368196
0.091093,2,304.558674
0.11116,2,304.774031
0.117599,2,304.930909
0.148552,2,305.062245
0.230175,2,305.195072
-1.045664,2,305.348129
0.14346,2,305.585373
0.288268,2,305.745138
-0.138944,2,305.870131
-0.090125,2,305.993721
0.089428,2,306.152852
0.231842,2,306.375998
-0.276666,2,306.543547
0.030062,2,306.669411
0.17366,2,306.904414
-0.168094,2,307.23512
-0.112727,2,307.368848
0.147218,2,307.536108
-0.027518,2,307.667851
0.11434,2,307.901112
0.348319,2,308.061827
0.058716,2,308.189735
0.02745,2,308.348735
0.057906,2,308.481723
0.084193,2,308.697166
0.080415,2,308.854971
-0.117995,2,308.978215
0.0298,2,309.135952
0.035906,2,309.341592
0.032201,2,309.493848
0.122247,2,309.65167
0.033227,2,309.775577
-0.057486,2,309.983007
0.143803,2,310.140202
0.170897,2,310.26233
0.289111,2,310.421565
0.092438,2,310.630812
0.003525,2,310.787193
0.088491,2,310.913313
0.400315,2,311.03654
0.255258,2,311.295443
0.089228,2,311.449725
0.405854,2,311.607948
0.144023,2,311.730511
0.115866,2,311.938539
0.226846,2,312.095323
-0.075077,2,312.220778
-0.114045,2,312.38076
0.258574,2,312.590352
0.091646,2,312.746413
0.089518,2,312.871195
0.172815,2,313.029689
0.085531,2,313.240061
-0.082815,2,313.364297
-0.168802,2,313.516921
-0.079701,2,313.638083
0.085014,2,313.874242
-0.159221,2,313.998199
0.199671,2,314.153688
-0.228721,2,314.28406
-0.138478,2,314.515978
0.026137,2,314.643402
-0.173645,2,314.766782
0.087484,2,314.917751
-0.137926,2,315.126959
0.310889,2,315.28482
0.028546,2,315.410169
-0.140784,2,315.533622
-0.137793,2,315.770723
-0.023135,2,315.898046
0.061787,2,316.05395
0.118722,2,316.178419
0.228053,2,316.385272
-0.166889,2,316.549216
0.141048,2,316.673157
-0.084039,2,316.796808
-0.11103,2,317.034556
0.03037,2,317.215729
-0.026153,2,317.363961
0.322453,2,317.521563
0.256292,2,317.729317
0.260181,2,317.886809
0.375069,2,318.014011
-0.052159,2,318.137769
-0.05998,2,318.368365
0.225325,2,318.492448
0.223097,2,318.648739
-0.644356,2,318.771498
-0.057051,2,319.00095
0.08345,2,319.131026
0.115052,2,319.291624
0.265168,2,319.416164
0.076248,2,319.649916
0.311703,2,319.773049
0.054503,2,319.926413
0.032039,2,320.050781
0.036261,2,320.277537
-0.370419,2,320.401201
0.085273,2,320.57731
-0.339329,2,320.704277
-0.05653,2,320.940786
-0.030723,2,321.065853
0.026193,2,321.218794
0.207666,2,321.34147
0.138389,2,321.57502
-0.105998,2,321.701632
0.025659,2,321.85475
0.086137,2,321.978807
-0.057765,2,322.181902
-0.249704,2,322.338778
0.168422,2,322.465354
0.319678,2,322.624202
0.078648,2,322.746754
-0.085165,2,322.951539
0.067348,2,323.110374
0.257603,2,323.232026
-0.005017,2,323.385859
0.221858,2,323.588685
-0.144999,2,323.7454
0.232178,2,323.874911
0.21172,2,324.027402
0.147008,2,324.150506
0.001454,2,324.377904
0.201777,2,324.500785
-0.276632,2,324.654947
-0.111892,2,324.780312
0.05682,2,325.015458
-0.139445,2,325.140823
0.117196,2,325.297848
-0.081045,2,325.421059
0.369075,2,325.655605
0.030836,2,325.780395
0.200459,2,325.937737
0.034576,2,326.064933
0.341391,2,326.190319
0.31443,2,326.425186
0.200253,2,326.55288
0.340424,2,326.706239
0.115102,2,326.828798
-0.170563,2,326.952302
0.146881,2,327.269362
0.114038,2,327.403125
0.063947,2,327.530728
0.003378,2,327.688618
0.116624,2,327.813069
0.314774,2,328.22046
0.05732,2,328.361484
0.120229,2,328.527734
-0.223586,2,328.651885
0.09262,2,328.779153
-0.336394,2,329.016367
0.144101,2,329.144445
0.199418,2,329.302975
0.234511,2,329.426287
0.027321,2,329.550695
0.058794,2,329.787165
0.229565,2,329.912485
0.173113,2,330.037787
-0.0068,2,330.187818
0.213119,2,330.39083
0.110941,2,330.541524
-0.053129,2,330.669354
-0.109989,2,330.823457
-0.004129,2,330.947896
0.06063,2,331.178107
-0.254033,2,331.307943
0.196596,2,331.463995
-0.257157,2,331.593487
0.035297,2,331.753899
0.369288,2,331.905129
0.174513,2,332.108511
0.22526,2,332.237648
0.060277,2,332.394902
0.201167,2,332.5206
0.20296,2,332.750978
0.11621,2,332.879455
-0.088511,2,333.03846
-0.249637,2,333.164273
0.035576,2,333.312503
0.081434,2,333.519182
-0.057878,2,333.674838
-0.027584,2,333.801537
-0.308447,2,333.955348
0.168652,2,334.16299
0.118515,2,334.286983
-0.174602,2,334.447166
0.173229,2,334.570131
-0.081753,2,334.723888
-0.115708,2,334.920703
0.314234,2,335.049204
0.027885,2,335.218512
-0.024831,2,335.344055
0.023112,2,335.531295
0.088246,2,335.71949
0.071013,2,335.932866
0.230106,2,336.061528
0.114633,2,336.216312
-0.101561,2,336.358319
-0.091503,2,336.590926
0.034768,2,336.720069
-0.141902,2,336.845189
-0.334767,2,337.044421
0.058332,2,337.260935
-0.002747,2,337.415465
0.026934,2,337.544346
-0.475463,2,337.697841
-0.170268,2,337.909672
-0.083299,2,338.068773
-0.028633,2,338.192569
0.119428,2,338.365254
-0.060192,2,338.574225
-0.088936,2,338.728238
0.028091,2,338.85904
-0.02315,2,338.995108
0.112707,2,339.229282
0.004189,2,339.354911
-0.218569,2,339.507227
0.233638,2,339.707355
0.007565,2,339.873737
0.095047,2,339.997664
-0.195091,2,340.155036
0.231387,2,340.363963
-0.175417,2,340.518858
-0.054573,2,340.645702
0.165821,2,340.800186
0.090963,2,341.007233
0.431781,2,341.133487
0.276626,2,341.289828
0.115186,2,341.413747
-0.021942,2,341.663486
-0.328081,2,341.795147
0.092933,2,341.920623
-0.651068,2,342.071096
0.05859,2,342.272355
-0.047508,2,342.427857
0.19783,2,342.552005
-0.168412,2,342.707445
-0.085696,2,342.914205
0.025147,2,343.071383
0.062985,2,343.198816
0.029078,2,343.325935
0.288893,2,343.560722
0.080953,2,343.684119
0.031056,2,343.844772
0.115944,2,343.967958
0.141672,2,344.242704
0.31023,2,344.415488
0.312948,2,344.547979
-0.176215,2,344.703094
-0.028518,2,344.918399
-0.116911,2,345.042119
-0.072742,2,345.200704
0.002676,2,345.3264
0.227219,2,345.558722
0.165858,2,345.686
-0.108705,2,345.814174
0.253049,2,345.968561
0.001181,2,346.172473
0.235899,2,346.327552
0.201991,2,346.453001
0.091334,2,346.578798
0.038422,2,346.829583
0.117362,2,346.959906
0.112963,2,347.083641
0.20795,2,347.238289
0.0246,2,347.44467
0.088653,2,347.598933
0.140467,2,347.725151
-0.396805,2,347.880491
0.170549,2,348.085145
0.310586,2,348.207667
0.115147,2,348.359695
0.002865,2,348.573832
0.109271,2,348.728577
0.343103,2,348.854539
-0.000503,2,348.983756
-0.084087,2,349.212085
0.056188,2,349.337655
0.254855,2,349.464017
-0.083291,2,349.62032
-0.091594,2,349.827984
0.030321,2,349.951052
0.025405,2,350.10443
0.066212,2,350.227585
0.167892,2,350.474507
-0.055702,2,350.601723
0.176217,2,350.759128
-0.084275,2,350.883932
0.081697,2,351.115138
-0.563311,2,351.242741
0.027905,2,351.367346
0.227955,2,351.521354
0.088503,2,351.799818
-0.14302,2,351.9647
0.193463,2,352.09489
0.003438,2,352.244236
-0.386622,2,352.454628
0.200879,2,352.610464
-8.9e-05,2,352.736582
-0.365151,2,352.867007
0.286205,2,353.092614
0.08694,2,353.218573
0.061572,2,353.376442
-0.084697,2,353.502622
0.144446,2,353.736297
0.025356,2,353.863855
-0.115313,2,354.020873
-0.050692,2,354.228365
-0.368411,2,354.38449
0.257658,2,354.512423
-0.075736,2,354.685052
0.172155,2,354.886955
0.317997,2,355.045885
0.205832,2,355.167851
-0.110548,2,355.323722
0.11777,2,355.531347
0.122173,2,355.688069
0.173408,2,355.811555
0.056669,2,355.965561
0.112949,2,356.186071
0.027814,2,356.344453
0.093458,2,356.473589
-0.164713,2,356.633628
-0.050984,2,356.835328
-0.282682,2,356.971498
0.085056,2,357.1275
0.144259,2,357.252608
0.066288,2,357.460245
-0.1917,2,357.616339
-0.224753,2,357.745375
0.086787,2,357.869058
-0.189205,2,358.097339
-0.203041,2,358.221708
0.05257,2,358.376901
0.120254,2,358.501903
-0.082827,2,358.70668
0.091075,2,358.863886
0.138824,2,359.038359
-0.138307,2,359.223777
0.174885,2,359.434589
0.028899,2,359.55949
-0.198236,2,359.715531
0.233356,2,359.839741
0.026694,2,360.046121
-0.194823,2,360.201608
0.035327,2,360.329952
0.089023,2,360.454288
-0.446275,2,360.683768
-0.029152,2,360.808696
0.170476,2,360.960816
-0.16724,2,361.084382
-0.164222,2,361.289608
0.068265,2,361.444538
0.230042,2,361.569731
0.233925,2,361.723731
0.053113,2,361.926996
0.289373,2,362.049057
0.000922,2,362.204291
0.036613,2,362.32754
0.205708,2,362.485042
0.083416,2,362.608839
0.169378,2,362.843833
-0.341572,2,362.970141
0.203963,2,363.126676
0.256691,2,363.250502
0.310256,2,363.372052
0.220836,2,363.526837
-0.1713,2,363.648222
0.084367,2,363.871918
-0.109231,2,364.003526
-0.063221,2,364.129734
0.165291,2,364.284416
0.31355,2,364.406114
0.230749,2,364.528999
-0.024607,2,364.75258
0.116655,2,364.878356
0.351771,2,365.032989
0.17157,2,365.163554
-0.310878,2,365.320251
0.145333,2,365.526704
-0.365319,2,365.680921
0.311637,2,365.854015
0.290664,2,366.044013
0.112128,2,366.252702
0.120927,2,366.38302
-0.051247,2,366.541709
0.263278,2,366.667176
-0.168908,2,366.89808
0.081193,2,367.022926
-0.200555,2,367.153304
0.141596,2,367.310954
0.175006,2,367.514918
0.11694,2,367.673685
-0.02561,2,367.798096
-0.393871,2,367.921036
0.034754,2,368.155626
0.339247,2,368.283454
0.263964,2,368.408946
-0.025906,2,368.556985
-0.023864,2,368.710357
0.084577,2,368.913326
0.259685,2,369.038273
0.055969,2,369.19556
0.147752,2,369.322056
-0.16782,2,369.552071
0.052087,2,369.675777
0.142728,2,369.798244
-0.306614,2,369.952782
-0.367347,2,370.157251
-0.304595,2,370.313117
-0.305366,2,370.436416
0.111001,2,370.562391
-0.171568,2,370.788409
-0.09147,2,370.914108
-0.342715,2,371.065855
0.137311,2,371.191988
0.084154,2,371.396633
-0.058359,2,371.550724
0.315199,2,371.679224
0.003914,2,371.830958
-0.056308,2,372.036294
-0.082267,2,372.163331
0.030405,2,372.317346
0.062263,2,372.440005
0.117081,2,372.734863
0.265173,2,372.879317
0.145014,2,373.009002
0.059207,2,373.1662
0.227498,2,373.369378
0.022458,2,373.529149
0.001395,2,373.654346
0.002822,2,373.805278
0.086267,2,374.009363
0.170979,2,374.165403
-0.112134,2,374.287377
0.049266,2,374.413583
-0.289929,2,374.6453
0.187144,2,374.769333
-0.138052,2,374.920861
-0.193052,2,375.045897
0.062722,2,375.248788
0.202564,2,375.408193
-0.365559,2,375.559828
0.200483,2,375.686561
0.147884,2,375.897138
0.089932,2,376.058351
0.030408,2,376.177971
0.08614,2,376.329889
0.204098,2,376.562547
0.059489,2,376.721143
-0.162144,2,376.876826
0.058748,2,376.998546
0.246964,2,377.230259
-0.109009,2,377.381761
0.288225,2,377.506554
0.150419,2,377.659712
-0.167536,2,377.884369
0.204531,2,378.012076
0.086219,2,378.165672
0.118078,2,378.323235
-0.275025,2,378.528324
-0.057195,2,378.685112
-0.059379,2,378.838041
0.287616,2,378.961747
0.177151,2,379.195074
-0.030944,2,379.350213
0.059054,2,379.473368
0.00104,2,379.676151
-0.07772,2,379.940532
0.119679,2,380.066582
0.257813,2,380.229869
-0.171266,2,380.355188
0.117663,2,380.58805
-0.107602,2,380.743795
-0.131682,2,380.868864
0.028545,2,380.994863
0.028341,2,381.229506
-0.334025,2,381.350784
0.119027,2,381.509964
-0.106382,2,381.637693
0.149352,2,381.863763
-0.055891,2,382.01927
0.151063,2,382.177132
0.117766,2,382.302023
0.083837,2,382.535395
-0.200326,2,382.693168
0.117123,2,382.818005
-0.109317,2,382.978019
-0.141911,2,383.211643
-0.06686,2,383.33689
-0.167377,2,383.493786
0.200878,2,383.643467
0.177029,2,383.851571
0.374777,2,384.016765
0.294204,2,384.140481
-0.143284,2,384.295465
0.285148,2,384.500735
0.204644,2,384.660243
0.144777,2,384.812082
0.054817,2,384.968545
0.059004,2,385.20703
-0.167756,2,385.363211
0.084679,2,385.519653
0.001502,2,385.671698
0.019336,2,385.90637
0.287898,2,386.068828
0.092004,2,386.225496
0.29086,2,386.383721
-0.220045,2,386.691055
-0.365499,2,386.87014
-0.207901,2,387.029768
0.023609,2,387.194758
0.056428,2,387.42804
0.168876,2,387.586303
-0.001475,2,387.744551
0.173293,2,387.900959
0.323131,2,388.149038
-0.089785,2,388.303975
-0.0271,2,388.463929
0.139794,2,388.623409
0.06746,2,388.851874
0.23312,2,389.010537
0.008909,2,389.169315
-0.168849,2,389.331465
-0.086745,2,389.562539
0.144677,2,389.720224
-0.168546,2,389.874863
-0.169267,2,390.033341
-0.001825,2,390.269632
0.291678,2,390.433017
0.232617,2,390.595822
-0.000584,2,390.759577
0.026487,2,390.995037
0.169404,2,391.153795
-0.057339,2,391.307434
-0.051366,2,391.462158
0.117656,2,391.696913
0.058566,2,391.854947
-0.139123,2,392.012905
0.094064,2,392.171974
0.252457,2,392.406784
0.052052,2,392.564559
0.341422,2,392.72675
0.120571,2,392.880883
-0.196019,2,393.129408
-0.022244,2,393.298942
0.224356,2,393.452392
0.201301,2,393.606393
-0.285081,2,393.902825
0.088455,2,394.083351
-0.059338,2,394.244443
-0.146064,2,394.402741
-0.450585,2,394.636839
0.144354,2,394.797814
0.287548,2,394.952723
0.055195,2,395.108782
-0.111586,2,395.341736
0.226606,2,395.497532
0.313473,2,395.65389
0.057797,2,395.813924
-0.058726,2,396.045565
0.027837,2,396.200187
-0.144406,2,396.356239
0.093151,2,396.512313
0.05986,2,396.748665
0.169078,2,396.904286
-0.111939,2,397.114675
0.261437,2,397.27847
-0.002762,2,397.513632
0.140572,2,397.676834
0.142311,2,397.833878
-0.089782,2,397.991249
-0.36536,2,398.217422
0.335979,2,398.376889
0.004697,2,398.529631
0.341966,2,398.683873
0.084319,2,398.916765
0.028843,2,399.07062
0.034465,2,399.22785
-0.111395,2,399.384862
0.19997,2,399.653975
0.056609,2,400.022803
0.054526,2,400.191237
0.313471,2,400.355365
0.231565,2,400.607098
0.004631,2,400.765745
0.083788,2,400.926397
0.172697,2,401.080886
-0.028723,2,401.390736
0.029577,2,401.599469
0.109094,2,401.771899
0.086926,2,401.943768
0.309133,2,402.194234
0.253778,2,402.36543
-0.369285,2,402.527806
0.116208,2,402.692357
0.170027,2,402.930476
-0.702231,2,403.090418
-0.10699,2,403.2468
-0.17325,2,403.420037
0.289575,2,403.653497
0.054977,2,403.813466
0.054758,2,403.96689
0.024579,2,404.120816
0.05583,2,404.362644
-0.080704,2,404.523435
0.169468,2,404.679641
-0.078189,2,404.914618
0.143504,2,405.072905
-0.030165,2,405.234259
0.056482,2,405.47435
0.202461,2,405.62911
-0.025347,2,405.784783
0.292544,2,406.019072
0.197386,2,406.17931
0.024431,2,406.341862
0.110797,2,406.580269
0.43381,2,406.737242
0.079831,2,406.911179
-0.226042,2,407.228254
0.085788,2,407.428853
0.251409,2,407.598198
-0.024015,2,407.840275
0.056674,2,408.002578
-0.286642,2,408.161751
-0.00406,2,408.406697
-0.139489,2,408.564555
0.168859,2,408.720327
-0.277148,2,409.029818
0.083624,2,409.236894
0.032584,2,409.401517
-0.277876,2,409.633127
0.17349,2,409.792137
-0.017975,2,409.947859
0.082491,2,410.181545
0.206164,2,410.336403
0.22717,2,410.494535
-0.090685,2,410.753159
0.061546,2,410.948178
-0.059299,2,411.134973
0.000375,2,411.315134
0.279555,2,411.584053
0.166354,2,411.749793
0.054786,2,411.912255
0.023593,2,412.143347
0.200821,2,412.297675
0.321958,2,412.463344
-0.024321,2,412.725889
0.164283,2,412.891009
0.087285,2,413.052379
0.004926,2,413.289865
-0.144254,2,413.449571
0.203307,2,413.612491
-0.055585,2,413.853893
0.143109,2,414.011124
0.064456,2,414.169506
-0.200756,2,414.408876
0.264417,2,414.57933
-0.252408,2,414.757424
-0.057166,2,415.021479
-0.028715,2,415.191204
-0.308497,2,415.348415
0.051857,2,415.580547
0.172159,2,415.738921
-0.168936,2,415.895069
0.230347,2,416.147253
0.028629,2,416.31038
0.00468,2,416.521524
0.313627,2,416.784222
0.058438,2,416.943678
0.195066,2,417.103461
0.148811,2,417.340973
0.311773,2,417.501851
0.227733,2,417.664047
0.026314,2,417.931494
0.054676,2,418.105664
0.031887,2,418.275705
0.034905,2,418.585109
0.030018,2,418.784961
0.226813,2,418.961963
0.107472,2,419.143238
0.251752,2,419.407807
0.14591,2,419.565869
0.113749,2,419.73153
-0.311614,2,419.979711
-0.113083,2,420.14266
0.032541,2,420.324375
-0.22699,2,420.502116
-0.029245,2,420.753395
0.059796,2,420.962178
-0.026383,2,421.144118
-0.05965,2,421.410272
-0.170912,2,421.573903
-0.140382,2,421.752012
0.16801,2,421.966492
0.201708,2,422.210045
-0.015477,2,422.390199
-0.620446,2,422.567263
0.193529,2,422.738516
0.019316,2,422.979113
0.034753,2,423.162684
0.120568,2,423.325488
0.048764,2,423.484154
0.312799,2,423.723381
-0.204152,2,423.884572
-0.027239,2,424.133811
0.119413,2,424.386082
0.147667,2,424.650418
0.058497,2,424.81436
-0.088549,2,425.000736
-0.222046,2,425.200669
0.034069,2,425.497192
0.086237,2,425.674834
-0.116565,2,425.839846
0.345622,2,426.084379
0.263346,2,426.261273
-0.623599,2,426.430052
-0.203483,2,426.700621
-0.052101,2,426.866692
0.1412,2,427.051892
0.287877,2,427.223246
0.258702,2,427.464511
0.052065,2,427.623857
0.055039,2,427.784012
0.13878,2,428.025265
0.346756,2,428.20907
0.260594,2,428.393723
-0.253376,2,428.75184
0.055799,2,428.909989
0.140033,2,429.072009
-0.119732,2,429.230152
0.086097,2,429.47055
0.223058,2,429.634952
0.002313,2,429.795761
-0.395868,2,429.953643
0.172313,2,430.212762
-0.029748,2,430.396894
-0.061288,2,430.565067
0.060977,2,430.815502
-0.229452,2,430.975303
0.116884,2,431.138638
0.16546,2,431.300966
0.088331,2,431.609348
0.199124,2,431.803001
0.088964,2,431.963878
0.144395,2,432.124298
0.23055,2,432.374162
0.195205,2,432.52929
0.256169,2,432.686899
0.058418,2,432.847961
-0.225214,2,433.087088
0.000696,2,433.245146
0.179293,2,433.404744
-0.104731,2,433.563865
-0.085657,2,433.807257
0.174771,2,433.964715
-0.05754,2,434.127348
-0.166133,2,434.290825
0.110166,2,434.528633
-0.083907,2,434.691192
0.200984,2,434.846037
0.084774,2,435.011638
0.053771,2,435.251058
0.391585,2,435.414135
0.117093,2,435.573908
-0.11605,2,435.735085
-0.080007,2,435.980711
-0.004133,2,436.138277
-0.13974,2,436.298913
0.28765,2,436.456881
-0.00022,2,436.690083
0.144336,2,436.853694
0.230323,2,437.014117
0.313563,2,437.227941
0.056893,2,437.506162
0.236673,2,437.666638
-0.170906,2,437.830472
-0.054793,2,437.992909
0.142763,2,438.228198
-0.195653,2,438.391743
0.286369,2,438.550766
-0.112347,2,438.712446
-0.054237,2,438.954428
0.112093,2,439.115966
0.006353,2,439.277113
-0.030086,2,439.433773
0.197346,2,439.589874
-0.221873,2,439.8306
-0.051968,2,439.992005
0.060858,2,440.147685
-0.280494,2,440.306462
0.31214,2,440.537017
-0.086754,2,440.695227
0.141318,2,440.855169
0.089415,2,441.011839
-0.258344,2,441.167708
-0.049864,2,441.437702
-0.16331,2,441.600451
-0.25185,2,441.759801
-0.023187,2,441.92355
-0.002078,2,442.160857
0.139424,2,442.324355
0.087429,2,442.484343
-0.306089,2,442.642967
-0.082866,2,442.94875
0.199244,2,443.140598
-0.140469,2,443.300796
0.027195,2,443.463118
0.19903,2,443.702575
-0.082126,2,443.867137
0.004399,2,444.026714
0.291537,2,444.190376
0.13992,2,444.354116
0.082486,2,444.594963
0.207859,2,444.761364
-0.484375,2,444.918672
-0.62138,2,445.075642
-0.032626,2,445.302251
0.089407,2,445.469365
0.287835,2,445.631419
0.254954,2,445.790902
0.001335,2,446.036372
0.111664,2,446.203728
-0.00457,2,446.362472
-0.003963,2,446.525256
-0.222345,2,446.766446
0.093129,2,446.929048
-0.089357,2,447.090219
0.119448,2,447.246154
0.399479,2,447.490256
-0.060591,2,447.651101
0.115004,2,447.811846
0.176427,2,448.023714
0.055854,2,448.292388
0.00193,2,448.454265
0.258028,2,448.61425
0.007882,2,448.85908
-0.110728,2,449.025104
0.115766,2,449.182591
0.062381,2,449.345038
0.254543,2,449.585286
0.078603,2,449.74363
-0.16135,2,449.901519
0.059158,2,450.079171
0.035452,2,450.348136
0.150117,2,450.540197
-0.104735,2,450.760255
0.311625,2,451.017451
-0.172793,2,451.207877
0.120157,2,451.379413
0.141797,2,451.676674
0.170216,2,451.862691
0.032252,2,452.037987
-0.001373,2,452.308265
0.036015,2,452.491816
0.174685,2,452.678276
0.029409,2,452.953955
0.050116,2,453.198596
0.198245,2,453.364609
0.034859,2,453.65663
-0.028377,2,453.902579
0.346607,2,454.158028
0.226288,2,454.446872
0.03196,2,454.63526
0.059067,2,454.815262
-0.083001,2,455.089972
0.060463,2,455.266215
0.199504,2,455.443581
-0.139255,2,455.611783
0.059918,2,455.94233
-0.023728,2,456.125305
0.086937,2,456.30447
0.112285,2,456.587033
0.199769,2,456.776012
0.080379,2,456.951558
0.258653,2,457.247559
0.165832,2,457.413257
-0.144505,2,457.582105
0.292297,2,457.82451
0.1454,2,457.983642
0.083293,2,458.145134
0.11747,2,458.387175
0.204357,2,458.549047
-0.058957,2,458.707984
0.171944,2,458.94184
0.200499,2,459.101842
-0.11434,2,459.261059
0.031432,2,459.499275
-0.116554,2,459.718838
0.170204,2,459.925655
-0.002726,2,460.203386
0.143447,2,460.361828
-0.123333,2,460.523146
-0.079504,2,460.764022
0.351319,2,460.924783
-0.225184,2,461.083886
0.220565,2,461.324613
-0.112193,2,461.50822
0.056579,2,461.659594
-0.02411,2,461.898399
-0.137043,2,462.054049
0.113563,2,462.218753
0.089882,2,462.480197
0.113331,2,462.667005
0.201025,2,462.840066
0.17203,2,463.20825
0.093961,2,463.392302
-0.138987,2,463.571471
-0.50394,2,463.863452
0.228202,2,464.039577
0.236255,2,464.206628
0.163662,2,464.477693
0.002225,2,464.681866
-0.082355,2,464.961144
0.1662,2,465.329175
-0.311607,2,465.513655
0.224418,2,465.690827
0.028523,2,465.96576
0.310988,2,466.146093
0.035387,2,466.326394
-0.032211,2,466.568669
0.113736,2,466.73701
-0.115081,2,466.90697
-0.154807,2,467.29749
-0.5111,2,467.569667
0.114098,2,467.745003
0.085663,2,468.013534
0.374969,2,468.207979
0.295315,2,468.381792
0.0002,2,468.702093
0.318554,2,468.868421
0.197991,2,469.034554
-0.589935,2,469.324212
0.056322,2,469.496734
0.117592,2,469.666087
-0.083936,2,469.91553
0.406345,2,470.095583
0.377926,2,470.271998
-0.075137,2,470.591848
0.030319,2,470.785667
0.33726,2,470.960157
-0.116421,2,471.212273
0.11225,2,471.37403
-0.453615,2,471.607689
0.225269,2,471.86942
-0.194001,2,472.042713
-0.019762,2,472.213107
0.094235,2,472.464826
0.121902,2,472.630788
-0.105128,2,472.795853
-0.028145,2,473.081354
-0.157657,2,473.291084
0.00122,2,473.463
0.178994,2,473.749017
-0.172517,2,474.010779
0.147442,2,474.217624
0.168344,2,474.489911
-0.001029,2,474.659852
0.080285,2,474.856988
0.086616,2,475.108071
-0.030844,2,475.271626
-0.115114,2,475.486549
-0.201141,2,475.771274
0.13664,2,475.936019
0.114454,2,476.107602
0.029815,2,476.276405
0.11862,2,476.441348
0.000942,2,476.688382
0.11254,2,476.84988
0.117676,2,477.009325
-0.034607,2,477.254207
0.061263,2,477.415612
0.293217,2,477.574709
-0.358906,2,477.827835
0.116864,2,477.992437
0.198292,2,478.149914
0.263016,2,478.389371
0.28576,2,478.546422
-0.05735,2,478.707029
0.078665,2,478.949617
-0.054371,2,479.107526
0.119671,2,479.265155
-0.116495,2,479.503717
0.204752,2,479.717205
-0.307809,2,479.905766
-0.05786,2,480.150591
0.259396,2,480.311729
0.3136,2,480.476513
-0.22448,2,480.714961
0.344323,2,480.88406
-0.229636,2,481.045028
0.122267,2,481.28148
-0.105958,2,481.443312
0.428982,2,481.60117
0.208788,2,481.838126
0.030549,2,482.001189
-0.164351,2,482.160889
0.257536,2,482.397272
0.028877,2,482.556533
0.028668,2,482.717128
0.089462,2,482.953991
-0.080382,2,483.116234
-0.190304,2,483.280131
-0.055952,2,483.514459
-0.001787,2,483.733766
-0.162628,2,483.92365
-0.083311,2,484.170882
0.029522,2,484.331056
-0.031,2,484.493955
0.200376,2,484.739569
0.171874,2,484.894767
-0.135523,2,485.057167
-0.110493,2,485.298948
-0.225942,2,485.462777
-0.002682,2,485.623421
0.037656,2,485.863216
0.233355,2,486.025852
0.368962,2,486.185917
0.09729,2,486.428162
-0.369212,2,486.592643
-0.219585,2,486.750594
0.092748,2,486.991489
-0.026416,2,487.147193
0.262386,2,487.303565
-0.396897,2,487.551746
0.145815,2,487.757368
0.053339,2,487.950012
0.232793,2,488.191628
-0.331765,2,488.351818
0.314278,2,488.512298
-0.163492,2,488.753528
0.288569,2,488.913847
-0.139029,2,489.077601
0.060233,2,489.321392
-0.195273,2,489.483016
0.149365,2,489.647032
0.153215,2,489.886759
0.030589,2,490.047258
0.348986,2,490.230115
0.08263,2,490.477641
-0.135766,2,490.655115
0.17141,2,490.840359
0.236359,2,491.108377
-0.196276,2,491.324561
-0.004155,2,491.491866
0.06392,2,491.761714
0.233258,2,491.978427
-0.00333,2,492.18335
0.055975,2,492.438579
-0.08289,2,492.618647
-0.280366,2,492.782724
0.145426,2,493.031122
-0.055253,2,493.200238
0.284967,2,493.375281
0.116733,2,493.636405
-0.054988,2,493.806369
0.309791,2,493.9841
-0.89681,2,494.250698
0.346791,2,494.417025
-0.248444,2,494.583583
0.065369,2,494.839458
0.168779,2,495.009784
0.348106,2,495.197033
0.086372,2,495.459049
-0.197678,2,495.627236
0.079968,2,495.802842
0.230342,2,496.063516
0.29181,2,496.298265
0.256116,2,496.519372
0.288848,2,496.793179
-0.108504,2,497.029484
0.054731,2,497.200468
-0.086206,2,497.448291
0.111019,2,497.625379
0.002369,2,497.790965
0.176984,2,498.037324
-0.046594,2,498.202344
0.059029,2,498.371307
-0.091752,2,498.617459
-0.110198,2,498.797418
0.166801,2,498.971637
0.001395,2,499.147893
-0.284507,2,499.498531
0.144396,2,499.686959
0.065953,2,499.896241
0.032999,2,500.084209
-0.030119,2,500.271954
0.183452,2,500.467035
0.122155,2,500.85377
-0.116146,2,501.09778
-0.199683,2,501.297649
-0.196352,2,501.474157
0.166606,2,501.656314
0.064639,2,501.840146
-0.07945,2,502.128967
-0.031596,2,502.317252
0.087539,2,502.497402
-0.250216,2,502.673833
0.05837,2,502.864364
-0.002185,2,503.054787
0.147938,2,503.235742
0.278106,2,503.412772
0.145019,2,503.680247
0.047859,2,503.857268
-0.052198,2,504.032852
0.28226,2,504.204978
-0.221117,2,504.386696
0.265551,2,504.578717
-0.169637,2,504.7621
0.168853,2,505.015729
0.084948,2,505.351452
0.25872,2,505.550665
-0.080225,2,505.736517
-0.170833,2,505.91424
-0.136709,2,506.112666
0.337376,2,506.287986
0.118026,2,506.462013
0.14831,2,506.652249
0.239021,2,506.941344
0.165804,2,507.130886
-0.138789,2,507.325379
-0.167553,2,507.515714
0.237526,2,507.699226
0.370746,2,507.884467
0.001169,2,508.061634
-0.084737,2,508.249562
0.059264,2,508.527615
0.030431,2,508.708405
0.320871,2,508.883726
0.117851,2,509.142463
0.058878,2,509.377351
-0.000184,2,509.56171
0.199338,2,509.744619
-0.084041,2,509.920757
0.057831,2,510.219434
-0.257391,2,510.410338
-0.057613,2,510.586849
0.207764,2,510.761741
0.123736,2,510.938598
0.024375,2,511.126086
-0.051366,2,511.28765
0.03407,2,511.458998
-0.032804,2,511.713713
-0.075708,2,511.923201
0.171056,2,512.117723
-0.080398,2,512.293659
-0.171031,2,512.475637
0.026043,2,512.646994
-0.703751,2,512.814937
0.114345,2,513.169313
-0.023834,2,513.378713
0.02801,2,513.559707
-0.250802,2,513.761737
0.088995,2,513.944753
0.02763,2,514.135043
0.109806,2,514.396237
0.281448,2,514.584435
-0.001952,2,514.764304
0.33711,2,514.960855
-0.110693,2,515.140673
-0.189855,2,515.396902
-0.258353,2,515.562983
-0.081964,2,515.728949
0.005423,2,515.975217
0.063157,2,516.150991
-0.056378,2,516.320954
-0.050559,2,516.486161
-0.08685,2,516.741098
0.203762,2,516.913488
-0.08691,2,517.140098
0.399832,2,517.475896
0.11609,2,517.645643
0.202947,2,517.812312
-0.004657,2,517.983241
-0.313875,2,518.145474
-0.225152,2,518.392375
-0.00176,2,518.553998
-0.163391,2,518.724876
0.333041,2,518.886813
-0.192875,2,519.12993
0.117166,2,519.296366
-0.138161,2,519.459641
-0.031081,2,519.703272
-0.111989,2,519.87078
-0.052101,2,520.064792
0.064329,2,520.261586
0.429496,2,520.514399
0.353957,2,520.691837
0.086993,2,520.85288
0.15124,2,521.025436
0.175814,2,521.360699
0.20534,2,521.62697
0.316526,2,521.841561
0.199561,2,522.15153
-0.000502,2,522.329332
-0.078655,2,522.498926
-0.200672,2,522.749736
-0.165461,2,522.912781
-0.055012,2,523.080197
0.005233,2,523.352538
-0.423639,2,523.526422
-0.026956,2,523.78022
0.202722,2,523.938333
0.232183,2,524.114765
0.057061,2,524.285441
0.087865,2,524.542945
0.083845,2,524.709317
-0.137318,2,524.891211
0.231526,2,525.15316
-0.025863,2,525.530547
-0.08357,2,525.786248
0.062664,2,526.040713
0.036502,2,526.301066
0.058751,2,526.473329
0.034279,2,526.636073
0.029978,2,526.806588
0.063406,2,527.087187
-0.033094,2,527.275594
-0.167894,2,527.458893
0.149276,2,527.623629
0.006545,2,527.869045
0.229366,2,528.113129
-0.367447,2,528.332314
-0.144306,2,528.549719
0.200699,2,528.857867
0.08511,2,529.067122
0.203518,2,529.281473
0.063071,2,529.460851
0.115325,2,529.732792
0.091366,2,529.992667
0.313507,2,530.158303
0.063277,2,530.612831
-0.026952,2,530.927762
-0.201801,2,531.103937
0.143804,2,531.288294
-0.111321,2,531.545274
-0.145146,2,531.876271
-0.189963,2,532.067896
0.149167,2,532.318483
0.204533,2,532.483171
0.118773,2,532.64808
0.200028,2,532.898679
0.172283,2,533.071336
-0.087251,2,533.234992
0.083537,2,533.49089
0.141014,2,533.664815
-0.10887,2,533.835064
0.148314,2,534.084947
0.203929,2,534.248756
0.174488,2,534.415792
0.165993,2,534.734623
0.171206,2,534.918037
0.028943,2,535.088434
0.176367,2,535.33501
0.142156,2,535.502862
-0.253901,2,535.664173
0.095431,2,535.904252
-0.04957,2,536.072492
-0.021141,2,536.241992
0.178846,2,536.539658
0.209651,2,536.707694
-0.245927,2,536.867933
0.293604,2,537.113411
-0.025482,2,537.269278
-0.053506,2,537.435952
-0.104666,2,537.679123
0.137205,2,537.837754
0.176719,2,538.081085
-0.058831,2,538.380741
0.170877,2,538.547549
-0.130778,2,538.719517
0.031684,2,538.969585
-0.086166,2,539.13119
-0.087194,2,539.438034
0.198879,2,539.72288
0.086307,2,539.892275
-0.049847,2,540.062383
-0.061322,2,540.310131
0.230694,2,540.475261
0.14561,2,540.646907
0.029231,2,540.894452
0.145408,2,541.059045
-0.024514,2,541.224441
0.088392,2,541.467206
0.112953,2,541.682797
0.063805,2,541.919356
0.091126,2,542.174909
0.029581,2,542.34344
0.144447,2,542.508806
0.405285,2,542.766377
0.028732,2,542.954201
-0.085615,2,543.120736
0.122578,2,543.377551
0.432627,2,543.539457
0.113465,2,543.714091
0.033245,2,543.963298
-0.222285,2,544.124072
0.175594,2,544.287205
-0.084525,2,544.530303
0.140061,2,544.701249
-0.051867,2,544.877683
0.14238,2,545.133339
0.162004,2,545.350188
0.197156,2,545.557054
0.14936,2,545.803272
0.112329,2,545.974209
0.348424,2,546.142709
0.286543,2,546.393531
-0.112562,2,546.554341
0.00048,2,546.721849
0.05805,2,546.967427
-0.057336,2,547.13198
0.091332,2,547.303631
0.051585,2,547.546737
0.230288,2,547.712402
-0.141231,2,547.875723
0.084558,2,548.12532
0.024918,2,548.303885
0.121756,2,548.480833
0.197454,2,548.828619
-0.392887,2,549.033511
0.256442,2,549.204358
0.004866,2,549.478447
-0.026823,2,549.658803
0.084953,2,549.840364
0.086819,2,550.102979
-0.27668,2,550.291859
-0.023939,2,550.463554
0.039151,2,550.720538
0.402182,2,550.921617
0.291172,2,551.121878
-0.131994,2,551.422301
0.032082,2,551.597431
0.2643,2,551.776861
0.025446,2,552.063417
-0.25401,2,552.298628
0.082525,2,552.522145
-0.788547,2,552.792041
0.03313,2,552.967282
-0.059878,2,553.153276
0.055739,2,553.446678
-7.6e-05,2,553.637378
-0.281304,2,553.816016
0.177101,2,554.105006
-0.110196,2,554.291066
0.033735,2,554.470406
-0.168854,2,554.733523
-0.008407,2,554.911478
-0.057603,2,555.095143
0.054063,2,555.369148
-0.339137,2,555.533866
0.087182,2,555.760901
0.004028,2,556.065012
0.139509,2,556.269376
-0.055209,2,556.481877
0.290484,2,556.730545
0.087121,2,556.901552
-0.195202,2,557.069948
0.067015,2,557.325566
-0.760786,2,557.504726
-0.651346,2,557.700054
-0.17139,2,557.962493
-0.024638,2,558.128758
0.395996,2,558.300228
0.025638,2,558.549518
0.22634,2,558.716125
0.090243,2,558.88564
0.07949,2,559.21017
0.206077,2,559.394035
-0.021602,2,559.562493
-0.029041,2,559.824736
0.198835,2,559.990559
0.084413,2,560.157887
-0.11341,2,560.402642
0.230352,2,560.578146
0.262053,2,560.760402
0.316531,2,561.026021
0.286867,2,561.200176
-0.139875,2,561.366573
0.404091,2,561.645173
0.031566,2,561.815929
0.203238,2,561.980933
0.370233,2,562.25087
0.287314,2,562.413749
0.259207,2,562.64995
-0.874154,2,562.980622
0.028732,2,563.161341
-0.024685,2,563.333485
0.084733,2,563.581529
0.05118,2,563.75025
-0.108165,2,563.918835
-0.003999,2,564.165539
0.001826,2,564.332691
0.033843,2,564.503429
0.287135,2,564.752965
0.373074,2,564.923759
0.002375,2,565.091629
-0.080254,2,565.341957
0.258969,2,565.510757
0.092643,2,565.679196
-0.585312,2,566.013113
0.117253,2,566.20076
0.200771,2,566.368498
0.06798,2,566.622244
-0.017292,2,566.788995
0.278678,2,566.952696
-0.026555,2,567.193125
0.003102,2,567.357768
0.124581,2,567.524289
-0.227246,2,567.777264
0.120412,2,567.941484
0.173494,2,568.103868
0.346516,2,568.342015
-0.087046,2,568.507835
0.057384,2,568.671162
0.145986,2,568.919419
0.258739,2,569.129238
0.116467,2,569.335362
-0.191037,2,569.593427
0.111414,2,569.777227
0.427961,2,569.943208
0.19805,2,570.182738
0.202098,2,570.346969
-0.250125,2,570.524615
0.034621,2,570.771179
0.001028,2,570.937977
0.087083,2,571.106091
0.439031,2,571.352754
0.346352,2,571.525637
0.278467,2,571.692102
0.37483,2,571.9406
0.228631,2,572.102579
-0.080253,2,572.318523
0.059331,2,572.598912
0.111989,2,572.766184
0.173703,2,572.931272
-0.141295,2,573.174998
-0.030844,2,573.339593
0.113213,2,573.507324
0.087815,2,573.760502
0.369656,2,573.925628
0.373471,2,574.089778
0.084498,2,574.336472
-0.07888,2,574.496878
-0.110039,2,574.658434
0.019394,2,574.91529
-0.251186,2,575.117625
-0.289215,2,575.284584
0.038891,2,575.606415
0.08946,2,575.798206
-0.194824,2,575.985946
-0.160071,2,576.274437
0.202265,2,576.489596
0.317477,2,576.801203
0.029599,2,576.993383
0.115316,2,577.262272
0.196028,2,577.413227
0.145508,2,577.576369
-0.621366,2,577.803519
-0.114802,2,577.936106
-0.4469,2,578.070722
0.142298,2,578.283819
0.119403,2,578.419388
0.174504,2,578.550478
0.197737,2,578.829532
-0.024446,2,578.98716
-0.453756,2,579.113974
-0.110044,2,579.328323
0.028853,2,579.454855
0.057718,2,579.629893
-0.423285,2,579.847631
-0.104817,2,580.000738
-0.052212,2,580.131953
-0.001157,2,580.346487
0.142652,2,580.474742
-0.116282,2,580.600386
0.121995,2,580.808592
-0.116067,2,580.933284
0.002651,2,581.05705
0.226833,2,581.264691
0.230427,2,581.438483
0.113758,2,581.598378
0.168485,2,581.811888
0.115036,2,581.9419
-0.107393,2,582.065823
0.124108,2,582.27076
0.116269,2,582.395874
0.201035,2,582.521258
0.144853,2,582.729423
-0.17384,2,582.857243
-0.083294,2,582.980493
0.258259,2,583.182842
0.233211,2,583.312166
-0.025594,2,583.438265
0.203219,2,583.647251
0.371811,2,583.775932
0.029708,2,583.937115
-0.087935,2,584.190675
0.092642,2,584.320157
-0.056939,2,584.450984
0.287755,2,584.659133
0.206259,2,584.786199
0.257698,2,584.914177
-0.25344,2,585.123125
0.037504,2,585.252824
0.316389,2,585.38706
0.146039,2,585.594796
0.087706,2,585.718589
-0.082522,2,585.846762
0.196186,2,586.052406
0.20194,2,586.179244
0.113944,2,586.299328
0.25729,2,586.567116
0.107836,2,586.724755
0.120595,2,586.851814
-0.036879,2,587.063152
-0.137359,2,587.189339
-0.137294,2,587.313026
0.001866,2,587.524813
0.082974,2,587.650431
0.232154,2,587.778844
0.292113,2,587.990529
0.005746,2,588.113121
0.286009,2,588.237782
-0.082534,2,588.445266
-0.082403,2,588.569764
0.260591,2,588.693785
0.00409,2,588.904043
-0.195695,2,589.079839
-0.229606,2,589.276681
-0.165383,2,589.493863
0.091959,2,589.626358
-0.143475,2,589.752734
-0.056244,2,589.965365
-0.114626,2,590.091265
0.318283,2,590.219061
0.294573,2,590.428935
0.365988,2,590.558978
0.257248,2,590.678029
0.115369,2,590.884528
0.22673,2,591.008717
0.203999,2,591.131142
0.028691,2,591.340883
-0.02646,2,591.466811
-0.391228,2,591.590919
0.004811,2,591.859021
0.115604,2,592.014692
-0.308607,2,592.146773
0.166719,2,592.358801
0.089241,2,592.487629
0.110579,2,592.614748
-0.105344,2,592.826904
0.172329,2,592.954446
0.092017,2,593.080399
0.057837,2,593.295557
0.090879,2,593.426364
0.081186,2,593.550582
0.310685,2,593.761855
0.14585,2,593.885935
0.282112,2,594.012032
0.059479,2,594.223312
0.149228,2,594.398604
0.311603,2,594.558366
-0.169025,2,594.773878
-0.257475,2,594.900547
0.261506,2,595.030793
0.030574,2,595.240237
-0.170778,2,595.363426
0.083305,2,595.491643
-0.080289,2,595.69781
0.231162,2,595.823067
0.167597,2,595.948844
-0.475412,2,596.16809
0.145057,2,596.323879
0.090812,2,596.504609
-0.133884,2,596.721044
0.316149,2,596.852995
0.141695,2,596.980709
0.059674,2,597.191018
0.286517,2,597.318835
-0.085121,2,597.449461
-0.024257,2,597.660979
-0.052817,2,597.78772
-0.026535,2,597.914567
0.378062,2,598.121781
0.033023,2,598.287436
0.145935,2,598.471341
0.002383,2,598.690281
0.023456,2,598.819305
-0.083189,2,598.951968
0.174151,2,599.161488
0.11359,2,599.287245
-0.226107,2,599.419462
-0.533838,2,599.639269
0.037333,2,599.767144
0.167838,2,599.891467
0.265345,2,600.165386
0.233741,2,600.31789
-0.080789,2,600.453755
0.115835,2,600.66145
0.056228,2,600.792617
0.023748,2,600.923473
0.196747,2,601.136348
0.095004,2,601.264846
-0.133848,2,601.392604
0.249795,2,601.599066
0.205078,2,601.730094
0.083395,2,601.893466
0.119104,2,602.142365
0.087046,2,602.274591
0.030562,2,602.403631
-0.130011,2,602.614908
-0.053704,2,602.746339
0.004213,2,602.872904
0.1136,2,603.081924
-0.363207,2,603.209765
0.112252,2,603.338427
-0.04924,2,603.557212
0.145444,2,603.723827
0.225679,2,603.895569
0.171028,2,604.112069
0.028468,2,604.237065
0.166622,2,604.366619
0.054839,2,604.579421
-0.031951,2,604.70485
0.173989,2,604.829863
0.254737,2,605.037874
0.235683,2,605.163332
0.031737,2,605.294906
-0.114942,2,605.567631
0.312969,2,605.713234
0.289078,2,605.845355
5.4e-05,2,606.053148
0.256558,2,606.179365
0.145279,2,606.308631
-0.083439,2,606.520345
0.002921,2,606.647123
0.064553,2,606.775297
0.169794,2,606.982845
5.3e-05,2,607.111262
0.198417,2,607.282252
-0.046849,2,607.527848
-0.031046,2,607.657345
-0.137056,2,607.785008
0.255979,2,607.998754
0.08891,2,608.123401
0.140897,2,608.247694
0.009099,2,608.452701
0.17435,2,608.582598
0.141038,2,608.712518
-0.114824,2,608.922592
0.145052,2,609.081676
0.062965,2,609.256948
0.116348,2,609.468878
0.235348,2,609.602115
0.25905,2,609.728833
-0.078981,2,609.937874
0.115001,2,610.063272
0.291293,2,610.192768
0.228668,2,610.405923
0.027005,2,610.533511
-0.118018,2,610.662628
0.052331,2,610.928633
-0.030151,2,611.080316
0.036575,2,611.211436
-0.116653,2,611.425686
0.119322,2,611.556542
0.087756,2,611.68252
0.149219,2,611.896888
0.197437,2,612.02346
0.006241,2,612.149881
0.083647,2,612.352118
-0.334047,2,612.482751
-0.046242,2,612.643144
-0.085659,2,612.896608
0.170981,2,613.025954
0.035749,2,613.154374
0.058518,2,613.360736
0.231655,2,613.484541
0.086386,2,613.617759
-0.026539,2,613.826141
-0.365548,2,613.951805
-0.113962,2,614.078569
0.369998,2,614.338332
0.085312,2,614.492372
-0.197225,2,614.621524
-0.050564,2,614.829546
0.061867,2,614.958197
0.095839,2,615.085589
0.058051,2,615.299285
-0.10828,2,615.424296
-0.705009,2,615.548223
-0.141822,2,615.759035
0.260008,2,615.919578
-0.398334,2,616.093417
0.198808,2,616.307121
0.086658,2,616.437692
0.080961,2,616.568154
0.316867,2,616.778375
-0.114635,2,616.906458
0.283594,2,617.033268
0.031495,2,617.24551
-0.000984,2,617.369311
-0.001029,2,617.497163
0.093378,2,617.666237
0.402973,2,617.91253
0.088528,2,618.045153
-0.165494,2,618.173745
0.059701,2,618.300418
0.020451,2,618.513851
0.16939,2,618.641436
0.232141,2,618.766638
0.171622,2,618.887178
0.16815,2,619.101318
0.032449,2,619.250946
0.056426,2,619.425447
-0.140634,2,619.558263
-0.110983,2,619.771052
0.295255,2,619.895051
0.060031,2,620.020342
0.029971,2,620.148342
0.335351,2,620.359403
0.224611,2,620.488244
-0.423154,2,620.615134
0.059474,2,620.741306
0.063055,2,621.045963
0.151919,2,621.181413
-0.170703,2,621.321887
-0.023661,2,621.454498
0.087986,2,621.665146
0.132897,2,621.795178
0.146316,2,621.938483
0.000275,2,622.202977
-0.116864,2,622.346603
0.1111,2,622.500515
0.03913,2,622.673676
0.029815,2,622.965637
0.403749,2,623.096159
0.147022,2,623.248235
-0.198843,2,623.581828
-0.111346,2,623.751867
0.089423,2,623.88824
0.227455,2,624.023071
0.316703,2,624.240464
0.142671,2,624.36614
0.147841,2,624.493972
-0.114122,2,624.649808
-0.139504,2,624.949295
0.057588,2,625.11247
-0.056172,2,625.267316
-0.277084,2,625.463753
-0.16091,2,625.782431
0.084081,2,625.927344
0.090565,2,626.065355
0.168385,2,626.310275
-0.588194,2,626.473907
0.323017,2,626.616945
-0.221848,2,626.921321
-0.006825,2,627.250825
0.120563,2,627.427673
0.167997,2,627.6521
0.111041,2,628.399847
-0.307564,2,628.572703
-0.001828,2,628.711401
0.003871,2,628.885981
0.05797,2,629.143942
-0.255814,2,629.279982
-0.138623,2,629.417642
0.234744,2,629.600927
0.05585,2,630.007069
0.372425,2,630.142509
0.108601,2,630.285696
0.31499,2,630.418212
0.114776,2,630.630932
0.314645,2,630.761015
-0.033922,2,630.979713
0.03196,2,631.2753
0.032557,2,631.627367
-0.025723,2,631.845799
0.427708,2,632.112306
-0.05271,2,632.459665
0.032803,2,632.876333
0.224312,2,633.029333
0.252036,2,633.167637
0.061733,2,633.300511
0.144884,2,633.5347
0.16888,2,633.666935
0.05972,2,633.808694
0.261236,2,633.950562
0.026727,2,634.258143
0.084243,2,634.448113
0.114131,2,634.608649
0.061123,2,634.757123
0.000851,2,635.004745
0.098886,2,635.143392
0.430255,2,635.343896
-0.173955,2,635.483005
0.144051,2,635.723606
-0.141654,2,635.89569
0.090368,2,636.177274
0.118817,2,636.34611
-0.417165,2,636.600692
0.360505,2,636.734929
0.345489,2,636.873725
-0.078273,2,637.020165
0.114048,2,637.322191
-0.004012,2,637.534133
-0.108337,2,637.809002
-0.080035,2,637.964648
0.14836,2,638.337507
-0.334536,2,638.502236
0.255427,2,638.643408
0.260414,2,638.80164
0.057027,2,639.040897
-0.02615,2,639.178261
-0.143232,2,639.326254
0.05468,2,639.470901
0.031315,2,639.692049
-0.255278,2,639.842311
0.060937,2,640.027024
0.34505,2,640.229361
0.201749,2,640.455166
0.147077,2,640.588125
0.087082,2,640.806337
-0.055951,2,640.935295
-0.054362,2,641.065647
0.177025,2,641.191851
0.229757,2,641.397427
0.111057,2,641.525261
0.111608,2,641.669168
-0.053503,2,641.824917
0.315131,2,642.093736
0.257273,2,642.219732
-0.11676,2,642.348773
-0.275685,2,642.477736
-0.368825,2,642.692136
0.202913,2,642.82078
0.147304,2,642.947705
-0.137094,2,643.086218
-0.057089,2,643.31397
0.206985,2,643.444202
0.205894,2,643.608529
-0.226518,2,643.786284
-0.029144,2,644.001945
-0.089,2,644.133344
0.084445,2,644.280945
0.029547,2,644.431065
-0.13405,2,644.67774
-0.058125,2,644.838545
-0.084446,2,644.978918
-0.058092,2,645.188294
0.263583,2,645.328054
-0.111566,2,645.487789
-0.024618,2,645.773073
0.195597,2,645.910705
0.173379,2,646.041937
-0.162587,2,646.175678
0.203578,2,646.413263
0.022858,2,646.548225
0.168572,2,646.76037
0.257608,2,646.974445
-0.280036,2,647.127061
0.181426,2,647.270081
-0.029885,2,647.444346
-0.057556,2,647.727327
0.139005,2,647.857018
0.002674,2,647.98597
-0.330744,2,648.12113
-0.105325,2,648.33857
-0.052767,2,648.468537
0.081629,2,648.597116
0.08531,2,648.726701
-0.220314,2,648.941263
0.113555,2,649.06911
0.115734,2,649.227671
0.17194,2,649.49939
-0.076718,2,649.628472
0.369667,2,649.758294
0.087612,2,649.884751
-0.023562,2,650.107967
-0.059741,2,650.244269
0.176602,2,650.384549
-0.086025,2,650.518463
0.14437,2,650.731479
0.313161,2,650.862682
0.059669,2,651.012056
-0.060907,2,651.287011
-0.025182,2,651.413743
0.007472,2,651.542876
0.153268,2,651.780271
-0.330752,2,651.927834
0.031355,2,652.068822
-0.031714,2,652.288881
0.114557,2,652.424198
-0.282139,2,652.660388
0.006062,2,652.801622
-0.046509,2,652.970212
-0.003156,2,653.167424
-0.077558,2,653.429248
0.058327,2,653.56455
0.147525,2,653.702301
-0.077741,2,653.834185
0.284549,2,654.04831
0.063893,2,654.178449
0.029501,2,654.31038
-0.029531,2,654.444449
0.117287,2,654.662912
-0.332716,2,654.820153
0.396988,2,655.013653
0.027836,2,655.146991
0.004998,2,655.367472
0.057847,2,655.499838
-0.199349,2,655.629629
-0.203479,2,655.758103
-0.191537,2,655.995228
0.112038,2,656.138451
-0.080287,2,656.278186
-0.089762,2,656.415697
-0.083683,2,656.725012
0.338077,2,656.871894
0.143241,2,657.097466
0.294892,2,657.22938
0.055777,2,657.364894
-0.01764,2,657.494982
0.063,2,657.712816
0.057507,2,657.844386
0.264799,2,657.978535
0.143958,2,658.104571
-0.277368,2,658.492243
0.260349,2,658.656983
0.226986,2,658.871337
-0.084182,2,659.125732
0.110585,2,659.264157
-0.031231,2,659.402598
0.170873,2,659.536394
0.030788,2,659.752953
0.195968,2,659.896072
-0.253234,2,660.053224
0.315283,2,660.386522
0.173387,2,660.601813
-0.111981,2,660.760871
0.110253,2,661.029477
0.036031,2,661.165395
-0.144918,2,661.300499
-0.175345,2,661.527477
0.262111,2,661.6627
0.08961,2,661.80413
0.143251,2,661.943947
0.228665,2,662.228943
0.091492,2,662.464134
0.199886,2,662.613364
0.17021,2,662.752399
0.201048,2,662.979471
-0.275284,2,663.129558
-0.023203,2,663.266475
-0.052882,2,663.404163
-0.190014,2,663.650649
-0.113179,2,663.794633
0.137526,2,663.970311
0.257229,2,664.239245
0.192944,2,664.374801
-0.114073,2,664.503677
0.027482,2,664.637647
0.287844,2,664.850906
0.339657,2,664.98122
-0.081883,2,665.106609
0.148461,2,665.237114
-0.117266,2,665.451178
-0.164282,2,665.614391
0.110908,2,665.797479
0.203691,2,665.932659
0.119066,2,666.150496
0.092424,2,666.280256
0.143234,2,666.406736
0.08573,2,666.5358
-0.137591,2,666.748079
0.122354,2,666.872882
0.029305,2,667.001333
0.060653,2,667.165189
0.168297,2,667.436219
0.091616,2,667.567411
-1.01811,2,667.700962
-0.001059,2,667.832806
-0.195507,2,668.05067
-0.028675,2,668.179456
0.288198,2,668.307637
0.060305,2,668.511069
0.085333,2,668.640882
0.200716,2,668.76653
0.085933,2,669.013196
-0.34,2,669.187122
0.279935,2,669.324249
0.175312,2,669.541247
0.30828,2,669.671763
0.137373,2,669.802774
0.228759,2,670.008418
0.088639,2,670.136017
0.166235,2,670.269249
-0.076301,2,670.393832
-0.106852,2,670.685843
0.253963,2,670.815222
0.171062,2,670.945821
-0.085716,2,671.076554
0.090745,2,671.292874
-0.028417,2,671.426336
-0.191454,2,671.557348
0.032423,2,671.685988
0.140487,2,671.901104
-0.116947,2,672.03324
0.004828,2,672.200519
-0.002186,2,672.370008
0.030543,2,672.58856
0.120121,2,672.719156
0.119862,2,672.853338
0.113611,2,672.979725
0.023004,2,673.192475
0.365947,2,673.319052
0.254422,2,673.44899
0.038224,2,673.578991
-0.053649,2,673.852126
0.060331,2,674.003593
0.097168,2,674.135963
-0.079691,2,674.263941
-0.055018,2,674.480558
-0.08199,2,674.609791
0.052504,2,674.732608
0.204463,2,674.862628
0.195395,2,675.076027
0.286691,2,675.200129
0.095161,2,675.375309
0.287806,2,675.54261
0.289784,2,675.75774
0.063489,2,675.88843
0.02922,2,676.017364
0.060413,2,676.147744
0.338052,2,676.359704
0.284773,2,676.490591
-0.105759,2,676.620523
0.085598,2,676.748171
0.167439,2,677.03735
-0.362047,2,677.180855
-0.024765,2,677.311601
0.086628,2,677.435349
0.170993,2,677.650296
-0.051171,2,677.77849
0.035901,2,677.907421
-0.473502,2,678.12213
-0.029492,2,678.250593
0.196853,2,678.37851
-0.029004,2,678.535515
0.202171,2,678.811945
0.424433,2,678.94308
-0.201845,2,679.077311
-0.193333,2,679.208064
0.086059,2,679.423641
-0.049324,2,679.551154
-0.11106,2,679.676516
0.260331,2,679.800717
0.309219,2,680.039483
0.024858,2,680.164315
-0.095239,2,680.327964
0.001701,2,680.502172
0.003093,2,680.721807
-0.246655,2,680.853179
-0.02024,2,681.068238
0.035053,2,681.197871
-0.187124,2,681.343779
-0.053069,2,681.469815
0.122886,2,681.712752
0.082098,2,681.908486
0.003613,2,682.136923
0.061182,2,682.379764
0.14801,2,682.581469
0.174651,2,682.716169
0.205759,2,682.843695
0.225797,2,683.064726
0.19391,2,683.199777
0.140976,2,683.327844
0.258829,2,683.548361
0.095226,2,683.67616
-0.275863,2,683.836605
0.148942,2,684.107976
-0.031528,2,684.23752
-0.08381,2,684.382984
0.117325,2,684.512618
0.154187,2,684.72924
0.258123,2,684.860568
0.177225,2,684.98652
0.087058,2,685.116463
0.111105,2,685.339801
0.116002,2,685.469027
-0.024365,2,685.594585
-0.167353,2,685.850856
0.008572,2,686.019077
0.317546,2,686.244869
-0.174423,2,686.378628
-0.366242,2,686.50961
0.066468,2,686.638176
-0.401629,2,686.851228
-0.197966,2,686.983911
0.136194,2,687.115767
-0.170765,2,687.247938
0.029223,2,687.537141
0.087317,2,687.692413
0.313652,2,687.830353
0.23166,2,687.960253
0.087154,2,688.225459
0.371251,2,688.379821
0.120656,2,688.542848
0.029692,2,688.824537
0.202885,2,688.969151
-0.111064,2,689.122073
-0.074872,2,689.479718
-0.060523,2,689.665629
-0.061211,2,689.802173
0.254996,2,690.0683
-0.537394,2,690.229009
0.198082,2,690.37661
-0.109831,2,690.628248
0.259234,2,690.775646
-0.282102,2,690.919725
-0.029431,2,691.148585
0.112804,2,691.312628
-0.000572,2,691.510281
0.08805,2,691.64678
-0.055315,2,691.87346
0.174131,2,692.006048
0.372584,2,692.146228
-0.255372,2,692.277241
0.164455,2,692.510909
0.038362,2,692.643469
-0.162711,2,692.771313
-0.224525,2,693.004261
0.111273,2,693.166394
-0.14481,2,693.356709
-0.199988,2,693.554652
-0.108495,2,693.698498
-0.141242,2,693.836972
-0.134816,2,694.062703
-0.106887,2,694.194414
0.029654,2,694.325798
0.116691,2,694.530574
-0.025551,2,694.663962
0.148879,2,694.795452
-0.251233,2,694.974953
0.084494,2,695.201602
-0.112252,2,695.370855
0.224412,2,695.594275
0.310282,2,695.730946
0.002133,2,695.862062
-0.164778,2,696.069437
0.252716,2,696.199387
-0.0011,2,696.328281
-0.05769,2,696.524082
0.208043,2,696.653442
-0.367104,2,696.819998
0.11261,2,697.099276
-0.026035,2,697.236288
0.056695,2,697.470483
0.220806,2,697.609078
-0.0538,2,697.829801
0.06089,2,697.964022
0.11132,2,698.200868
0.260268,2,698.334806
0.195871,2,698.468389
-0.308874,2,698.597326
0.318524,2,698.881068
0.087477,2,699.035902
0.291241,2,699.167658
0.208398,2,699.300843
0.14645,2,699.427964
-0.107808,2,699.556921
-0.221758,2,699.776356
0.175365,2,699.900608
-0.130994,2,700.04537
-0.032247,2,700.176562
0.115822,2,700.468999
-0.112769,2,700.610681
0.229896,2,700.747647
0.311929,2,700.882609
0.227864,2,701.093613
0.090388,2,701.229386
0.086376,2,701.361745
0.138732,2,701.483675
0.035626,2,701.69535
0.222883,2,701.822368
-0.028552,2,701.990904
0.062195,2,702.15962
0.027892,2,702.380175
0.062017,2,702.515747
-0.19051,2,702.64613
-0.336454,2,702.774098
-0.02754,2,703.012961
0.286884,2,703.156469
-0.160149,2,703.299488
0.342945,2,703.467191
-0.057156,2,703.763324
-0.027267,2,703.909905
0.376105,2,704.04447
0.086178,2,704.171371
-0.360466,2,704.383999
-0.050575,2,704.518072
0.256409,2,704.650871
-0.029536,2,704.783363
0.056673,2,704.999344
0.146021,2,705.126516
0.058056,2,705.2934
-0.055641,2,705.464693
0.032167,2,705.683666
0.083501,2,705.809867
0.234527,2,705.941908
0.027564,2,706.069847
-0.168142,2,706.30382
0.024204,2,706.445983
0.032831,2,706.57787
-0.055203,2,706.713471
0.116173,2,707.033771
-0.087455,2,707.173627
-0.03109,2,707.307627
0.03377,2,707.445077
-0.227279,2,707.659625
-0.165749,2,707.786769
-0.025615,2,707.914448
0.396446,2,708.044053
0.226762,2,708.274479
0.196311,2,708.414884
0.028441,2,708.582971
0.094098,2,708.778881
-0.032393,2,708.997931
-0.274888,2,709.130792
0.295376,2,709.263641
0.202281,2,709.391789
-0.027509,2,709.609739
0.197393,2,709.748706
-0.02655,2,709.892877
-0.059204,2,710.121866
-0.113555,2,710.253322
0.051229,2,710.422275
0.083265,2,710.609678
-0.79361,2,710.850161
0.141633,2,710.982981
-0.024657,2,711.119882
-0.022496,2,711.353528
-0.025754,2,711.507873
-0.002217,2,711.641834
-0.251313,2,711.87484
0.170237,2,712.011792
0.085012,2,712.175649
0.406537,2,712.468844
-0.121298,2,712.609392
-0.063237,2,712.74507
0.114885,2,712.963359
0.108715,2,713.095001
0.14,2,713.225866
-0.081422,2,713.45245
0.051994,2,713.5822
0.122661,2,713.713429
-0.026565,2,713.947925
0.371282,2,714.113598
0.066873,2,714.291088
0.266379,2,714.421025
-0.053229,2,714.639593
0.197472,2,714.772201
-0.080091,2,714.903276
-0.084898,2,715.029604
0.114594,2,715.243594
0.259371,2,715.373416
0.030918,2,715.503277
0.006458,2,715.673537
0.114348,2,715.926633
0.256131,2,716.061075
-0.074881,2,716.189833
0.109589,2,716.31832
0.172962,2,716.529982
0.20466,2,716.658724
0.340255,2,716.788072
0.059624,2,716.998519
0.312517,2,717.13746
0.341821,2,717.312162
0.34897,2,717.480351
-0.002773,2,717.706678
0.027802,2,717.848799
0.026865,2,717.994002
-0.158871,2,718.128838
-0.115709,2,718.34488
0.023922,2,718.475581
0.003051,2,718.602734
0.173752,2,718.733024
0.230236,2,719.014155
0.202812,2,719.166626
0.007307,2,719.300158
0.253119,2,719.427424
-0.007096,2,719.643678
0.229092,2,719.77315
0.086635,2,719.902995
-0.196745,2,720.118308
0.005671,2,720.250596
0.35045,2,720.383797
-0.082932,2,720.546551
0.001418,2,720.80997
-0.256303,2,720.946363
0.279147,2,721.076833
-0.054309,2,721.204913
-0.190109,2,721.420637
-0.162969,2,721.55257
0.14381,2,721.682235
0.17463,2,721.810798
0.004952,2,722.026791
0.119629,2,722.185317
-0.140366,2,722.37307
0.077651,2,722.504756
-0.365442,2,722.720967
-0.226853,2,722.854774
0.00277,2,722.982857
-0.112341,2,723.195099
-0.195743,2,723.330081
0.288902,2,723.457773
-0.309101,2,723.586936
0.089353,2,723.79768
0.229633,2,723.966429
0.309671,2,724.136817
0.083538,2,724.271426
0.090817,2,724.489636
0.031413,2,724.619534
0.114708,2,724.752057
-0.220261,2,724.882345
0.341513,2,725.097427
-0.138923,2,725.223548
0.116986,2,725.353314
-0.02438,2,725.527521
0.111645,2,725.779873
0.059375,2,725.910591
0.287124,2,726.042907
-0.477207,2,726.175132
-0.166485,2,726.412694
0.140627,2,726.554393
0.095399,2,726.694623
0.257366,2,726.836909
0.000504,2,727.073758
0.053527,2,727.26139
0.003582,2,727.430562
0.060274,2,727.635234
0.228182,2,727.795329
0.115875,2,727.93115
0.034677,2,728.071357
-0.112548,2,728.288251
0.372569,2,728.420881
0.137763,2,728.549947
0.058005,2,728.681415
0.118078,2,728.981096
0.33693,2,729.14887
0.146164,2,729.281603
0.172242,2,729.410509
0.17272,2,729.630447
0.2343,2,729.760396
-0.057547,2,729.889831
-0.004318,2,730.018417
-0.391693,2,730.230986
0.147417,2,730.363643
-0.20345,2,730.53419
0.17258,2,730.703256
0.341721,2,730.920966
-0.053159,2,731.056712
0.226482,2,731.200955
-0.085148,2,731.330206
-0.027342,2,731.538047
0.17128,2,731.667351
-0.026073,2,731.799535
0.065257,2,731.924597
0.090622,2,732.218066
-0.050389,2,732.352313
0.121376,2,732.486246
0.345852,2,732.612215
-0.031341,2,732.830766
-0.115553,2,732.967432
0.114418,2,733.117662
0.203656,2,733.363428
-0.141678,2,733.509203
-0.029358,2,733.653877
-0.142396,2,733.83649
0.031769,2,734.124193
-0.27679,2,734.2881
-0.114294,2,734.439097
0.033595,2,734.664781
-0.002421,2,734.797277
0.252752,2,734.93967
0.090321,2,735.201083
0.122375,2,735.357223
0.203661,2,735.498446
0.027453,2,735.798579
0.117209,2,736.017601
0.032814,2,736.177438
-0.307512,2,736.404516
0.115927,2,736.538154
-0.025682,2,736.67631
0.229545,2,736.818196
0.335909,2,737.036882
-0.14136,2,737.16989
0.43716,2,737.309331
0.003109,2,737.668734
0.231358,2,737.814222
-0.896103,2,737.965001
0.108692,2,738.097491
0.142127,2,738.326445
0.059539,2,738.460427
-0.103628,2,738.59297
-0.197291,2,738.718321
0.234234,2,738.937453
0.088787,2,739.102894
0.144813,2,739.277516
0.285824,2,739.412221
0.027187,2,739.631611
-0.1722,2,739.761434
-0.022441,2,739.896058
0.232691,2,740.024656
0.092784,2,740.23441
-0.10927,2,740.363378
0.319718,2,740.518279
-0.132561,2,740.819475
0.085831,2,740.952426
0.178105,2,741.084285
0.190998,2,741.214544
0.172008,2,741.428184
-0.058521,2,741.552784
-0.335472,2,741.683123
-0.061647,2,741.810647
0.113403,2,742.026437
0.117019,2,742.174055
0.151691,2,742.363819
-0.114917,2,742.577219
0.004634,2,742.710876
0.006832,2,742.846024
0.226604,2,742.978425
0.2946,2,743.190603
0.173301,2,743.320392
0.036847,2,743.449408
-0.026401,2,743.577132
-0.084908,2,743.861717
0.20426,2,744.011288
-0.255785,2,744.144408
0.002032,2,744.274053
-0.285036,2,744.490485
-0.108918,2,744.61756
-0.050113,2,744.742946
-0.119125,2,744.868363
-0.017686,2,745.082154
0.050939,2,745.241791
-0.027943,2,745.425649
-0.081447,2,745.559845
0.218768,2,745.775902
-0.052367,2,745.90894
0.001964,2,746.041558
0.088003,2,746.257167
-0.111628,2,746.383668
-0.088284,2,746.507882
-0.001719,2,746.668317
0.057965,2,746.93671
0.091019,2,747.066798
0.233691,2,747.199931
0.003948,2,747.330763
-0.079632,2,747.55147
0.341792,2,747.675749
0.234862,2,747.801601
0.256382,2,747.929364
0.033077,2,748.146661
0.004286,2,748.295444
-0.190722,2,748.481247
-0.144718,2,748.615671
0.058489,2,748.831116
0.205677,2,748.960548
0.205123,2,749.092775
0.028037,2,749.223267
-0.558937,2,749.440889
-0.284293,2,749.570682
0.051102,2,749.699504
0.1967,2,749.909448
0.005672,2,750.07527
0.053171,2,750.251542
0.146031,2,750.467986
0.260441,2,750.603116
0.112235,2,750.735124
-0.1419,2,750.863678
-0.020385,2,751.080794
0.346079,2,751.208411
0.370661,2,751.336787
0.257117,2,751.604176
0.127595,2,751.764892
0.004517,2,751.897724
0.202953,2,752.025751
-0.056707,2,752.247377
0.23186,2,752.374245
0.091116,2,752.504334
0.084875,2,752.638456
0.206631,2,752.780127
-0.164321,2,753.07511
0.313217,2,753.270684
0.258531,2,753.412701
-0.283474,2,753.551577
0.054644,2,753.684749
0.030656,2,753.90369
0.026162,2,754.107148
0.082813,2,754.238466
-0.192634,2,754.367709
0.06723,2,754.525405
0.138636,2,754.797068
0.055414,2,754.929514
0.293292,2,755.061247
-0.710936,2,755.192261
0.146322,2,755.319019
-0.171967,2,755.533557
0.001957,2,755.665812
0.197145,2,755.795114
0.144391,2,755.918475
0.060674,2,756.141312
0.28186,2,756.407772
0.402814,2,756.549488
0.232314,2,756.682717
-0.086009,2,756.8152
0.171908,2,756.961537
0.13569,2,757.248401
0.313575,2,757.396119
0.120202,2,757.554705
-0.256968,2,757.754102
0.309222,2,757.929735
-0.054845,2,758.194424
0.005356,2,758.328367
-0.229566,2,758.463289
-0.173269,2,758.59441
0.20114,2,758.728115
0.17526,2,758.940017
0.2298,2,759.066987
0.062688,2,759.234998
0.061276,2,759.410124
-0.005545,2,759.541084
0.145738,2,759.780463
0.095219,2,759.915604
-0.256467,2,760.076137
0.194059,2,760.215202
-0.231291,2,760.360216
0.375491,2,760.578296
-0.053918,2,760.751598
-0.174135,2,760.947005
0.142254,2,761.0807
0.207306,2,761.221701
0.144184,2,761.471682
0.341584,2,761.62946
-0.046745,2,761.773045
-0.193401,2,761.920912
0.036245,2,762.056358
0.22584,2,762.346445
0.007784,2,762.497932
-0.05608,2,762.630388
0.22767,2,762.764344
0.056081,2,762.897086
-0.143386,2,763.121069
0.375019,2,763.36537
-0.082225,2,763.501683
0.084425,2,763.644396
0.002967,2,763.817047
-0.194998,2,764.103018
-0.060166,2,764.237569
-0.059333,2,764.379678
0.092187,2,764.514751
0.432608,2,764.646126
0.064336,2,764.865553
0.259116,2,765.001922
0.113653,2,765.138193
-0.078488,2,765.301467
0.262213,2,765.492862
0.115828,2,765.715206
-0.19754,2,765.856625
0.034236,2,765.990386
0.033543,2,766.115429
-0.030041,2,766.247327
0.26288,2,766.461926
0.284151,2,766.597836
0.317241,2,766.736153
0.085533,2,766.929015
-0.116624,2,767.097737
0.111665,2,767.325475
0.006711,2,767.482095
-0.024,2,767.622897
0.090587,2,767.765071
0.112194,2,767.89614
-0.142817,2,768.135438
-0.104922,2,768.316773
-0.194711,2,768.515168
-0.104846,2,768.659016
0.002721,2,768.803334
0.088663,2,769.026026
-0.024014,2,769.169099
-0.081026,2,769.314027
0.03535,2,769.457069
0.196932,2,769.605037
-0.030866,2,769.838218
0.265599,2,770.019754
-0.056162,2,770.202903
-0.171444,2,770.33606
-0.082762,2,770.467775
0.146509,2,770.681967
0.006305,2,770.814239
0.202664,2,770.943754
0.312194,2,771.073337
0.080507,2,771.214946
0.167938,2,771.509677
0.089081,2,771.649321
0.232016,2,771.786504
-0.110666,2,771.917551
0.189799,2,772.047308
0.033873,2,772.267141
0.032244,2,772.41302
0.23538,2,772.558859
0.144932,2,772.72738
0.19534,2,772.937749
-0.081024,2,773.191694
0.03098,2,773.342862
0.143066,2,773.479234
-0.171005,2,773.627342
0.084779,2,773.779304
-0.086074,2,774.036823
0.119128,2,774.20129
0.169947,2,774.42154
-0.394731,2,774.696643
-0.055576,2,774.940815
0.31453,2,775.216849
-0.023486,2,775.394102
0.170526,2,775.57873
-0.135717,2,775.753666
0.22445,2,775.938472
0.09167,2,776.218574
0.194225,2,776.432955
0.260684,2,776.678122
0.251572,2,776.99456
-0.255127,2,777.207855
0.116061,2,777.412336
0.05448,2,777.60276
0.106709,2,777.803434
-0.242655,2,778.126894
0.090146,2,778.370785
0.259735,2,778.632051
0.261622,2,778.820976
-0.02546,2,779.019836
-0.025982,2,779.327334
0.056606,2,779.521733
-0.055019,2,779.718649
0.054613,2,779.914183
0.137388,2,780.165623
0.139281,2,780.548968
0.280656,2,780.760659
0.057017,2,780.967716
-0.053575,2,781.20092
0.143662,2,781.41268
0.339545,2,781.735141
0.054768,2,781.940563
0.282702,2,782.173754
0.116974,2,782.456493
0.121227,2,782.658108
-0.056132,2,782.959103
0.200045,2,783.162949
0.030436,2,783.360421
0.291498,2,783.550317
0.007266,2,783.744677
-0.16591,2,784.038229
0.204717,2,784.254227
0.113826,2,784.510584
0.313614,2,784.697154
0.004938,2,784.884554
-0.020473,2,785.167983
-0.079832,2,785.352897
0.169326,2,785.557675
0.23602,2,785.740042
0.227371,2,785.930097
0.066008,2,786.208456
-0.052825,2,786.44488
0.316133,2,786.69548
-0.05532,2,786.885146
0.297763,2,787.061287
0.401884,2,787.358365
0.435857,2,787.557208
0.087075,2,787.746051
0.117089,2,787.930745
-0.037998,2,788.160236
-0.031252,2,788.507043
0.028793,2,788.704621
0.144686,2,788.90261
-0.449261,2,789.095748
-0.084222,2,789.28041
0.146016,2,789.579143
0.28587,2,789.764326
-0.139662,2,789.985165
0.172127,2,790.223541
-0.395027,2,790.409165
0.150649,2,790.704583
0.060311,2,790.902421
0.232726,2,791.086196
0.199905,2,791.277228
-0.087617,2,791.471375
0.341946,2,791.824644
0.173724,2,792.049293
-0.393495,2,792.237371
0.289361,2,792.425804
0.029984,2,792.612989
-0.163703,2,792.898502
-0.334897,2,793.089895
-0.054246,2,793.281797
0.168731,2,793.532077
0.001846,2,793.778773
-0.274777,2,794.092255
-0.02314,2,794.280594
-0.25341,2,794.507397
-0.030018,2,794.696903
0.026206,2,794.891426
0.226718,2,795.190285
0.023846,2,795.406751
0.234231,2,795.692984
0.05554,2,795.895704
0.036723,2,796.085683
-0.085094,2,796.393674
0.001982,2,796.595865
0.147923,2,796.793421
0.12201,2,796.978854
0.260666,2,797.165145
0.085768,2,797.494369
0.25275,2,797.734326
0.170199,2,797.936704
-0.107094,2,798.130151
-0.198066,2,798.318304
0.030683,2,798.658572
-0.07931,2,798.862502
0.035154,2,799.074583
0.084022,2,799.319299
0.144051,2,799.618955
0.175958,2,799.785415
0.033741,2,799.944949
0.26311,2,800.104538
0.201387,2,800.265264
-0.021457,2,800.432949
0.092459,2,800.608917
0.321711,2,800.787219
0.200164,2,800.949687
-0.06052,2,801.1288
-0.048014,2,801.300449
-0.000465,2,801.464213
-0.086382,2,801.630355
-0.313319,2,801.80872
0.25994,2,801.973421
-0.420891,2,802.12978
-0.283997,2,802.289776
0.035869,2,802.44892
-0.114036,2,802.609609
-0.051316,2,802.765608
-0.026061,2,802.919866
0.200857,2,803.075295
0.260707,2,803.230865
0.374876,2,803.392793
0.004987,2,803.646028
0.050867,2,803.805665
0.085996,2,803.962505
0.086198,2,804.118983
-0.031085,2,804.277484
0.091176,2,804.436514
-0.00012,2,804.593064
0.142098,2,804.747175
0.114739,2,804.901558
-0.27981,2,805.056568
0.141046,2,805.221665
0.406855,2,805.377909
-0.369103,2,805.530592
0.204732,2,805.684182
-0.08607,2,805.844926
0.169189,2,805.997944
0.142684,2,806.159491
0.170821,2,806.315129
0.026112,2,806.469825
-0.034037,2,806.623559
-0.002049,2,806.777068
-0.03171,2,806.933762
0.399126,2,807.087442
-0.173177,2,807.241698
0.170082,2,807.397228
0.113576,2,807.551173
0.33874,2,807.703205
0.027062,2,807.860773
0.16798,2,808.017153
0.057035,2,808.170144
0.112536,2,808.322943
0.106412,2,808.478082
-0.080373,2,808.633627
0.034797,2,808.784263
-0.002704,2,808.93759
-0.011435,2,809.090446
0.200403,2,809.247457
0.253755,2,809.481632
0.057599,2,809.639331
0.063028,2,809.791045
-0.185707,2,809.946666
0.097061,2,810.103307
0.17572,2,810.259228
-0.258468,2,810.409979
-0.145782,2,810.566827
-0.218595,2,810.721125
0.286656,2,810.8735
0.284008,2,811.029606
-0.029697,2,811.185189
0.115994,2,811.341297
0.142475,2,811.495167
0.341368,2,811.653714
-0.330326,2,811.811568
0.001034,2,811.966577
-0.390679,2,812.121539
0.110556,2,812.276102
0.08291,2,812.431265
-0.334866,2,812.587851
-0.061014,2,812.74293
-0.10978,2,812.89711
0.03152,2,813.05264
-0.106925,2,813.207508
0.319965,2,813.364765
-0.003354,2,813.51987
0.120636,2,813.67965
-0.083166,2,813.835444
0.171506,2,813.991091
0.112505,2,814.148149
0.10838,2,814.302052
-0.060935,2,814.459597
0.336248,2,814.618187
0.201587,2,814.85432
0.113792,2,815.012049
0.004578,2,815.172801
-0.055695,2,815.326035
0.259468,2,815.478466
-0.618169,2,815.638231
-0.022719,2,815.821774
0.199375,2,815.994718
-0.026103,2,816.158755
0.031833,2,816.313749
0.176194,2,816.478574
0.144506,2,816.666347
0.118211,2,816.834736
0.174742,2,816.995406
0.08977,2,817.159894
0.005063,2,817.424875
0.091073,2,817.596456
0.028962,2,817.758168
-0.052357,2,817.918355
0.199383,2,818.079507
0.258354,2,818.233451
0.031338,2,818.39294
-0.001225,2,818.549433
-0.028796,2,818.725966
0.204102,2,818.879418
-0.416147,2,819.03516
0.203889,2,819.185837
0.281275,2,819.339804
-0.116762,2,819.496902
0.091798,2,819.654801
-0.103056,2,819.807222
0.2625,2,819.962756
0.108428,2,820.145102
-0.168521,2,820.296581
0.146139,2,820.452469
-0.447695,2,820.60922
0.258019,2,820.764121
0.135052,2,820.919438
0.25902,2,821.074311
-0.475707,2,821.228311
0.321052,2,821.38195
-0.280457,2,821.534412
-0.110337,2,821.692023
0.373524,2,821.851573
0.110717,2,822.004581
-0.16639,2,822.159501
0.114314,2,822.311165
-0.142328,2,822.468731
0.370638,2,822.623788
0.229466,2,822.779612
-0.114707,2,822.936375
0.143524,2,823.091499
0.066183,2,823.328085
0.172878,2,823.507887
0.229189,2,823.666705
-0.252485,2,823.829561
0.205135,2,823.99068
-0.137094,2,824.147039
0.374119,2,824.309087
-0.005605,2,824.465338
0.11564,2,824.621538
0.259346,2,824.778101
-0.053925,2,824.931534
0.138527,2,825.083845
0.142071,2,825.240042
0.286337,2,825.396168
0.228337,2,825.55196
0.207736,2,825.713459
0.316375,2,825.871387
-0.168122,2,826.026181
0.203788,2,826.18025
0.225668,2,826.336517
0.064073,2,826.489994
-0.256318,2,826.64554
0.286506,2,826.802913
-0.060357,2,826.956179
0.077549,2,827.109273
0.081629,2,827.262833
0.113092,2,827.419646
0.084862,2,827.577687
0.123024,2,827.731871
0.286476,2,827.884787
-0.050458,2,828.04169
0.260067,2,828.19582
0.141206,2,828.35339
0.172694,2,828.508965
0.318685,2,828.776923
0.003797,2,828.937313
-0.139084,2,829.095666
0.114059,2,829.246573
-0.140516,2,829.40281
0.225983,2,829.557546
-0.555423,2,829.718429
0.034919,2,829.871624
-0.085365,2,830.027065
-0.062187,2,830.180523
-0.001539,2,830.337799
-0.081811,2,830.49206
0.059349,2,830.670588
0.198369,2,830.828302
0.264261,2,830.98616
-0.027525,2,831.13809
0.000572,2,831.294533
0.001342,2,831.44995
-0.240102,2,831.663771
0.170877,2,831.857386
0.034968,2,832.012829
0.141818,2,832.167834
0.226232,2,832.323397
0.028813,2,832.477742
0.143144,2,832.628766
-0.02698,2,832.787847
-0.201342,2,832.938101
0.23085,2,833.10047
0.168396,2,833.281683
0.11451,2,833.435163
0.198834,2,833.586118
-0.081582,2,833.740822
0.139206,2,833.894812
0.172588,2,834.045167
0.317791,2,834.285632
0.141182,2,834.451044
0.167579,2,834.614378
0.228448,2,834.774009
0.290564,2,834.93126
0.261682,2,835.087871
0.352642,2,835.246708
-0.168404,2,835.403107
-0.000534,2,835.557788
0.254063,2,835.710849
0.003561,2,835.868334
-0.166466,2,836.027244
-0.108364,2,836.187006
0.01317,2,836.341132
-0.084974,2,836.493787
0.039081,2,836.649005
0.057669,2,836.806634
-0.000737,2,836.972943
0.092509,2,837.128133
0.253324,2,837.284499
-0.191712,2,837.436667
-0.11586,2,837.594826
0.260713,2,837.750618
0.288521,2,837.909262
0.403418,2,838.066944
0.146876,2,838.217869
0.230246,2,838.376244
0.224341,2,838.532445
-0.530201,2,838.686264
-0.120018,2,838.838681
0.147085,2,838.995635
-0.423095,2,839.147443
-0.141036,2,839.302798
-0.024946,2,839.459254
0.033863,2,839.692937
0.08965,2,839.852359
-0.11339,2,840.007563
0.284734,2,840.168954
0.065121,2,840.323836
0.080356,2,840.477164
0.171418,2,840.630544
0.286264,2,840.787134
-0.283062,2,840.944356
-0.163142,2,841.097858
-0.061571,2,841.255949
-0.087022,2,841.409107
-0.308266,2,841.564856
0.22959,2,841.718839
-0.077672,2,841.875383
0.174907,2,842.030341
0.032793,2,842.183659
0.108387,2,842.342761
0.140291,2,842.498853
0.113154,2,842.656927
-0.167219,2,842.811142
0.228877,2,842.968043
0.17765,2,843.123296
0.120462,2,843.280634
-0.059049,2,843.490862
-0.054731,2,843.66772
0.061894,2,843.830495
-0.112226,2,843.995454
-0.169951,2,844.170983
-0.115871,2,844.336923
0.093173,2,844.495809
0.165363,2,844.654171
0.230972,2,844.905925
-0.000607,2,845.065095
0.000683,2,845.221212
0.025219,2,845.384455
-0.1356,2,845.536887
-0.057202,2,845.687685
-0.19976,2,845.843816
0.320697,2,845.999948
0.233735,2,846.154122
-0.354566,2,846.309117
-0.000662,2,846.462809
0.37338,2,846.617756
0.059889,2,846.769561
0.059854,2,846.923891
0.401191,2,847.074117
0.086808,2,847.231192
0.200691,2,847.384499
0.135625,2,847.54216
0.118291,2,847.696033
0.114804,2,847.854903
0.210187,2,848.021538
0.196648,2,848.177323
0.010534,2,848.33008
-0.023531,2,848.484251
0.056745,2,848.647743
0.164414,2,848.851201
0.05611,2,849.034969
0.051238,2,849.196351
-0.139082,2,849.432909
0.176215,2,849.591662
0.008223,2,849.749101
-0.146805,2,849.909326
0.092096,2,850.069426
-0.002852,2,850.227476
0.00023,2,850.386928
-0.170209,2,850.543297
0.000166,2,850.699118
0.253503,2,850.856526
0.119091,2,851.008839
-0.05031,2,851.212513
-0.033105,2,851.370575
-0.115218,2,851.523743
0.34199,2,851.681199
0.056504,2,851.83501
0.087016,2,851.992765
-0.024198,2,852.14937
0.035674,2,852.308493
0.060506,2,852.469463
-0.027639,2,852.628295
0.059847,2,852.786346
0.198367,2,852.944
0.345955,2,853.099515
-0.036865,2,853.259361
0.063099,2,853.410901
0.402617,2,853.560956
0.093358,2,853.718053
-0.030097,2,853.874984
0.146574,2,854.028189
-0.179143,2,854.182295
0.059581,2,854.33253
-0.022957,2,854.487288
-0.112848,2,854.641538
-0.507836,2,854.873888
0.287087,2,855.040536
-0.143476,2,855.202318
0.088128,2,855.363486
-0.034419,2,855.519272
-0.111509,2,855.677459
0.086692,2,855.8332
0.052219,2,855.986601
0.3692,2,856.144652
0.059579,2,856.299675
-0.200667,2,856.454552
-0.135046,2,856.611445
-0.082408,2,856.767578
0.057375,2,856.921578
-0.31312,2,857.073272
0.059597,2,857.22809
0.06093,2,857.384461
-0.084345,2,857.538398
0.204736,2,857.692158
0.173109,2,857.846514
0.027582,2,857.998515
0.16844,2,858.151983
0.058252,2,858.308561
-0.108041,2,858.461564
0.369122,2,858.615328
-0.019817,2,858.769348
0.031252,2,858.926835
-0.138963,2,859.079011
0.313698,2,859.234995
0.058098,2,859.392329
0.058346,2,859.547577
0.195549,2,859.780521
0.140805,2,859.939521
0.31325,2,860.095732
0.201205,2,860.255075
0.113162,2,860.413783
0.030263,2,860.568457
0.20441,2,860.723825
0.14255,2,860.88144
-0.2819,2,861.035418
-0.164618,2,861.189426
0.2027,2,861.342503
-0.229117,2,861.492512
0.285589,2,861.645278
0.09373,2,861.79957
-0.111514,2,861.956726
0.230276,2,862.110751
-0.258157,2,862.264595
-0.198729,2,862.419198
0.425843,2,862.573366
-0.165497,2,862.745408
0.086392,2,862.928638
0.204931,2,863.096888
0.004641,2,863.264722
0.000766,2,863.428092
0.114545,2,863.582054
-0.111953,2,863.74123
0.05465,2,863.897196
0.028098,2,864.050431
0.026907,2,864.21124
-0.028905,2,864.375924
-0.050439,2,864.541977
0.258559,2,864.792119
0.114512,2,864.962887
0.256224,2,865.196265
0.002442,2,865.359532
0.058378,2,865.51411
0.11669,2,865.670818
-0.312937,2,865.822535
0.204816,2,865.980724
-0.533767,2,866.137199
0.337672,2,866.2928
-0.170899,2,866.447945
-0.84332,2,866.602015
0.255762,2,866.756291
0.19676,2,866.91606
0.175386,2,867.069612
-0.027242,2,867.22457
0.089438,2,867.377837
0.227616,2,867.529504
-0.083857,2,867.683761
-0.028778,2,867.839545
0.113521,2,867.993609
-0.223327,2,868.145663
0.079993,2,868.299733
0.087369,2,868.454078
0.179289,2,868.611158
0.0853,2,868.764041
-0.139166,2,868.916987
0.172825,2,869.071042
0.083647,2,869.22071
0.031834,2,869.376078
0.033059,2,869.532271
0.030167,2,869.771273
-0.149387,2,869.928588
0.058123,2,870.085144
-0.199612,2,870.236924
0.03136,2,870.393287
-0.083831,2,870.546147
0.346971,2,870.697834
0.080879,2,870.853533
0.345562,2,871.009078
0.259603,2,871.16916
0.112543,2,871.323809
0.036791,2,871.475364
-0.112848,2,871.63409
0.287982,2,871.85029
-0.225984,2,872.003286
-0.114082,2,872.154993
0.253594,2,872.377755
0.112554,2,872.5383
-0.931874,2,872.741748
0.117472,2,872.953821
0.0286,2,873.166091
0.115294,2,873.298679
-0.022286,2,873.435429
0.319344,2,873.578431
-0.03063,2,873.722812
0.06379,2,873.890954
0.060311,2,874.055788
-0.107461,2,874.227131
-0.164616,2,874.475735
0.119636,2,874.647419
0.345487,2,874.88494
-0.025102,2,875.066635
0.086598,2,875.293087
0.062703,2,875.562622
0.002909,2,875.710233
0.141194,2,875.977346
0.146881,2,876.187958
0.284934,2,876.418076
-0.850894,2,876.574003
0.115501,2,876.73082
0.31806,2,876.89571
0.146419,2,877.073072
0.293856,2,877.252471
0.052933,2,877.426638
0.315196,2,877.609395
-0.077032,2,877.89318
